subject,site,cond,channel,mi_early_late_bits,reason,resample_n
1,dlpfc,active,Fp1,0.6105916762678867,ok,128
1,dlpfc,active,Fp2,0.4901453369025611,ok,128
1,dlpfc,active,F3,0.6307979292763621,ok,128
1,dlpfc,active,F4,0.43577748627036045,ok,128
1,dlpfc,active,C3,0.44786826059434004,ok,128
1,dlpfc,active,C4,0.5162677182209642,ok,128
1,dlpfc,active,P3,1.3228503194273995,ok,128
1,dlpfc,active,P4,0.5515341143991228,ok,128
1,dlpfc,active,O1,0.5331600634287331,ok,128
1,dlpfc,active,O2,0.3774970494892352,ok,128
1,dlpfc,active,F7,0.5340872811800925,ok,128
1,dlpfc,active,F8,0.451521632627782,ok,128
1,dlpfc,active,T7,0.5158565314066293,ok,128
1,dlpfc,active,T8,0.9346081471151667,ok,128
1,dlpfc,active,P7,0.5115741757970028,ok,128
1,dlpfc,active,P8,0.456678270187319,ok,128
1,dlpfc,active,Fz,0.5828030698282848,ok,128
1,dlpfc,active,Cz,0.6367227298843194,ok,128
1,dlpfc,active,Pz,0.791660208905167,ok,128
1,dlpfc,active,Iz,0.48065919077859615,ok,128
1,dlpfc,active,FC1,1.033081398737586,ok,128
1,dlpfc,active,FC2,0.439024330369999,ok,128
1,dlpfc,active,CP1,0.6450676822852114,ok,128
1,dlpfc,active,CP2,0.6555879988801243,ok,128
1,dlpfc,active,FC5,0.4973342675056607,ok,128
1,dlpfc,active,FC6,0.4905566828845874,ok,128
1,dlpfc,active,CP5,0.824470661485333,ok,128
1,dlpfc,active,CP6,0.5829780975715363,ok,128
1,dlpfc,active,TP9,0.5927305987963772,ok,128
1,dlpfc,active,TP10,0.7330818142787947,ok,128
1,dlpfc,sham,Fp1,0.5286565790624047,ok,128
1,dlpfc,sham,Fp2,0.5013666968355948,ok,128
1,dlpfc,sham,F3,0.6133574696147875,ok,128
1,dlpfc,sham,F4,0.7704737556041729,ok,128
1,dlpfc,sham,C3,0.9143433503754057,ok,128
1,dlpfc,sham,C4,0.5622137139565383,ok,128
1,dlpfc,sham,P3,0.7885172086468183,ok,128
1,dlpfc,sham,P4,0.6332027303189826,ok,128
1,dlpfc,sham,O1,0.7301335763049348,ok,128
1,dlpfc,sham,O2,0.5133718981144441,ok,128
1,dlpfc,sham,F7,0.6328757536072636,ok,128
1,dlpfc,sham,F8,0.713813755527219,ok,128
1,dlpfc,sham,T7,0.6299610932066594,ok,128
1,dlpfc,sham,T8,0.6696242827906298,ok,128
1,dlpfc,sham,P7,0.660792101636286,ok,128
1,dlpfc,sham,P8,0.49466322863392337,ok,128
1,dlpfc,sham,Fz,0.7155954168531842,ok,128
1,dlpfc,sham,Cz,0.7464264450494498,ok,128
1,dlpfc,sham,Pz,0.6941196462266275,ok,128
1,dlpfc,sham,Iz,0.7100123270871934,ok,128
1,dlpfc,sham,FC1,0.6917345305032389,ok,128
1,dlpfc,sham,FC2,0.5600833747898898,ok,128
1,dlpfc,sham,CP1,0.6530842575729507,ok,128
1,dlpfc,sham,CP2,0.5733909620691795,ok,128
1,dlpfc,sham,FC5,0.6298264020799068,ok,128
1,dlpfc,sham,FC6,0.5060212417649814,ok,128
1,dlpfc,sham,CP5,0.6728297588434383,ok,128
1,dlpfc,sham,CP6,0.5595650557146628,ok,128
1,dlpfc,sham,TP9,0.6371923171871283,ok,128
1,dlpfc,sham,TP10,0.6569238894490912,ok,128
1,m1,active,Fp1,0.4464924075715565,ok,128
1,m1,active,Fp2,0.7564800091424089,ok,128
1,m1,active,F3,0.6640325364171705,ok,128
1,m1,active,F4,0.6833422967046355,ok,128
1,m1,active,C3,0.6825965834004495,ok,128
1,m1,active,C4,0.6009444378936226,ok,128
1,m1,active,P3,0.6518449989916002,ok,128
1,m1,active,P4,0.5623724423098267,ok,128
1,m1,active,O1,0.7100745395813597,ok,128
1,m1,active,O2,0.7492948969965258,ok,128
1,m1,active,F7,0.7396988093724862,ok,128
1,m1,active,F8,0.871542020760174,ok,128
1,m1,active,T7,0.6125801331576822,ok,128
1,m1,active,T8,0.6789473177197374,ok,128
1,m1,active,P7,0.6484594300290687,ok,128
1,m1,active,P8,0.5451307906440009,ok,128
1,m1,active,Fz,0.7020490162954016,ok,128
1,m1,active,Cz,0.6103782664937366,ok,128
1,m1,active,Pz,0.665569025842385,ok,128
1,m1,active,Iz,0.7528329885816262,ok,128
1,m1,active,FC1,0.5835037809374235,ok,128
1,m1,active,FC2,0.800762252914912,ok,128
1,m1,active,CP1,0.6784481866323758,ok,128
1,m1,active,CP2,0.6693230869619202,ok,128
1,m1,active,FC5,0.61191790465905,ok,128
1,m1,active,FC6,0.6411142922219769,ok,128
1,m1,active,CP5,0.6374857600972512,ok,128
1,m1,active,CP6,0.503039491547552,ok,128
1,m1,active,TP9,0.718551534693904,ok,128
1,m1,active,TP10,0.5866605718039903,ok,128
1,m1,sham,Fp1,0.8344323891760473,ok,128
1,m1,sham,Fp2,0.6555112729045909,ok,128
1,m1,sham,F3,0.6784718773945352,ok,128
1,m1,sham,F4,0.7915592896015615,ok,128
1,m1,sham,C3,0.7110806374145906,ok,128
1,m1,sham,C4,0.6843896739783043,ok,128
1,m1,sham,P3,0.7740629216856917,ok,128
1,m1,sham,P4,0.619471632801887,ok,128
1,m1,sham,O1,0.6410692063146055,ok,128
1,m1,sham,O2,0.6251926286724048,ok,128
1,m1,sham,F7,0.5526519648674704,ok,128
1,m1,sham,F8,0.7005214784862465,ok,128
1,m1,sham,T7,0.8086510019067497,ok,128
1,m1,sham,T8,0.7099186992019131,ok,128
1,m1,sham,P7,0.6169952617737985,ok,128
1,m1,sham,P8,0.5316614423042825,ok,128
1,m1,sham,Fz,0.703257771177616,ok,128
1,m1,sham,Cz,0.480047822915869,ok,128
1,m1,sham,Pz,0.6914484786892346,ok,128
1,m1,sham,Iz,0.6029307102406346,ok,128
1,m1,sham,FC1,0.6986559825510845,ok,128
1,m1,sham,FC2,0.5610446068784756,ok,128
1,m1,sham,CP1,0.716064671664433,ok,128
1,m1,sham,CP2,0.555444552899262,ok,128
1,m1,sham,FC5,0.7951603998151966,ok,128
1,m1,sham,FC6,0.6750309608766625,ok,128
1,m1,sham,CP5,0.5973976598173927,ok,128
1,m1,sham,CP6,0.7112242975821392,ok,128
1,m1,sham,TP9,0.7247571237652836,ok,128
1,m1,sham,TP10,0.5697713080130695,ok,128
1,ppc,active,Fp1,0.662254024139125,ok,128
1,ppc,active,Fp2,0.8290612248235878,ok,128
1,ppc,active,F3,0.6497867473918978,ok,128
1,ppc,active,F4,0.7014078343624068,ok,128
1,ppc,active,C3,0.654366220068147,ok,128
1,ppc,active,C4,0.5961911518295285,ok,128
1,ppc,active,P3,0.6529743713231277,ok,128
1,ppc,active,P4,0.7266465396782879,ok,128
1,ppc,active,O1,0.6642046770343604,ok,128
1,ppc,active,O2,0.6436414988653023,ok,128
1,ppc,active,F7,0.5757610607835612,ok,128
1,ppc,active,F8,0.7084079736662593,ok,128
1,ppc,active,T7,0.7043464119408577,ok,128
1,ppc,active,T8,0.6475989794625269,ok,128
1,ppc,active,P7,0.5894118509402325,ok,128
1,ppc,active,P8,0.46698802518740073,ok,128
1,ppc,active,Fz,0.5474574763882597,ok,128
1,ppc,active,Cz,0.6228742646403228,ok,128
1,ppc,active,Pz,0.6760297600799161,ok,128
1,ppc,active,Iz,0.5934031385354598,ok,128
1,ppc,active,FC1,0.5424341413000404,ok,128
1,ppc,active,FC2,0.5930461710143009,ok,128
1,ppc,active,CP1,0.6399531273563731,ok,128
1,ppc,active,CP2,0.7257222251575525,ok,128
1,ppc,active,FC5,0.593500675435324,ok,128
1,ppc,active,FC6,0.6242352858698261,ok,128
1,ppc,active,CP5,0.7019930332672046,ok,128
1,ppc,active,CP6,0.6098636906166779,ok,128
1,ppc,active,TP9,0.684003576069527,ok,128
1,ppc,active,TP10,0.8528033653015639,ok,128
1,ppc,sham,Fp1,0.7767431006852434,ok,128
1,ppc,sham,Fp2,0.6799623011797564,ok,128
1,ppc,sham,F3,0.738508991331934,ok,128
1,ppc,sham,F4,0.6355777092020862,ok,128
1,ppc,sham,C3,0.6133194187601565,ok,128
1,ppc,sham,C4,0.6687722959468185,ok,128
1,ppc,sham,P3,0.645912212370406,ok,128
1,ppc,sham,P4,0.6412633530195732,ok,128
1,ppc,sham,O1,0.6660875996756952,ok,128
1,ppc,sham,O2,0.7859768576149126,ok,128
1,ppc,sham,F7,0.7129454724979678,ok,128
1,ppc,sham,F8,0.691324866836714,ok,128
1,ppc,sham,T7,0.7277702916914608,ok,128
1,ppc,sham,T8,0.6943510905086708,ok,128
1,ppc,sham,P7,0.6070818663827569,ok,128
1,ppc,sham,P8,0.6705214910538102,ok,128
1,ppc,sham,Fz,0.6723362773457267,ok,128
1,ppc,sham,Cz,0.6727546081898853,ok,128
1,ppc,sham,Pz,0.6228020821104523,ok,128
1,ppc,sham,Iz,0.6687953104432907,ok,128
1,ppc,sham,FC1,0.7790815944034782,ok,128
1,ppc,sham,FC2,0.684575862742142,ok,128
1,ppc,sham,CP1,0.6647640518746084,ok,128
1,ppc,sham,CP2,0.6903610242614782,ok,128
1,ppc,sham,FC5,0.7005057369566167,ok,128
1,ppc,sham,FC6,0.6560379468836488,ok,128
1,ppc,sham,CP5,0.7786084541652911,ok,128
1,ppc,sham,CP6,0.6764578764035091,ok,128
1,ppc,sham,TP9,0.7055622390135025,ok,128
1,ppc,sham,TP10,0.6323375222028284,ok,128
2,dlpfc,active,Fp1,0.7998312674298897,ok,128
2,dlpfc,active,Fp2,0.7468393683345312,ok,128
2,dlpfc,active,F3,0.6008727568982416,ok,128
2,dlpfc,active,F4,0.6419314947272609,ok,128
2,dlpfc,active,C3,0.5002466863037015,ok,128
2,dlpfc,active,C4,0.6870575746556249,ok,128
2,dlpfc,active,P3,0.5667936385575255,ok,128
2,dlpfc,active,P4,0.5913180285556549,ok,128
2,dlpfc,active,O1,0.45821335690338544,ok,128
2,dlpfc,active,O2,0.994700881208989,ok,128
2,dlpfc,active,F7,0.6333740755077465,ok,128
2,dlpfc,active,F8,0.8053777232389225,ok,128
2,dlpfc,active,T7,0.5168484034588087,ok,128
2,dlpfc,active,T8,0.5174447969385434,ok,128
2,dlpfc,active,P7,0.6973689945123223,ok,128
2,dlpfc,active,P8,0.7143221269734039,ok,128
2,dlpfc,active,Fz,0.7610244814644688,ok,128
2,dlpfc,active,Cz,0.6972584718763247,ok,128
2,dlpfc,active,Pz,0.7403191644753422,ok,128
2,dlpfc,active,Iz,0.6273448195267256,ok,128
2,dlpfc,active,FC1,0.6665546857520673,ok,128
2,dlpfc,active,FC2,0.6426371523499305,ok,128
2,dlpfc,active,CP1,0.699189180347496,ok,128
2,dlpfc,active,CP2,0.6738403671018279,ok,128
2,dlpfc,active,FC5,0.5932880223015617,ok,128
2,dlpfc,active,FC6,0.4963796065638733,ok,128
2,dlpfc,active,CP5,0.529377625994942,ok,128
2,dlpfc,active,CP6,0.6564972362626856,ok,128
2,dlpfc,active,TP9,0.7578334483132584,ok,128
2,dlpfc,active,TP10,0.8545004322489973,ok,128
2,dlpfc,sham,Fp1,0.8621836747422902,ok,128
2,dlpfc,sham,Fp2,0.674031111804127,ok,128
2,dlpfc,sham,F3,0.5718761427916675,ok,128
2,dlpfc,sham,F4,0.6814849430470626,ok,128
2,dlpfc,sham,C3,0.5386712566334099,ok,128
2,dlpfc,sham,C4,0.7609554030548757,ok,128
2,dlpfc,sham,P3,0.7122647799256764,ok,128
2,dlpfc,sham,P4,0.7872706078911783,ok,128
2,dlpfc,sham,O1,0.4824958645615743,ok,128
2,dlpfc,sham,O2,0.5954459327122262,ok,128
2,dlpfc,sham,F7,0.6404930357004464,ok,128
2,dlpfc,sham,F8,0.6698807441401308,ok,128
2,dlpfc,sham,T7,0.717065515112134,ok,128
2,dlpfc,sham,T8,0.5231937298508335,ok,128
2,dlpfc,sham,P7,0.8701158621810177,ok,128
2,dlpfc,sham,P8,0.5985830321091126,ok,128
2,dlpfc,sham,Fz,0.7075556792880388,ok,128
2,dlpfc,sham,Cz,0.7404608419063156,ok,128
2,dlpfc,sham,Pz,0.7749612735941493,ok,128
2,dlpfc,sham,Iz,0.5264431145536043,ok,128
2,dlpfc,sham,FC1,0.6123224810405342,ok,128
2,dlpfc,sham,FC2,0.6679794289058925,ok,128
2,dlpfc,sham,CP1,0.6992836104737349,ok,128
2,dlpfc,sham,CP2,0.6725889941518794,ok,128
2,dlpfc,sham,FC5,0.7334276175755134,ok,128
2,dlpfc,sham,FC6,0.6173959074982167,ok,128
2,dlpfc,sham,CP5,0.6111614210260927,ok,128
2,dlpfc,sham,CP6,0.6684654189001171,ok,128
2,dlpfc,sham,TP9,0.6945606244018203,ok,128
2,dlpfc,sham,TP10,0.5548989066705572,ok,128
2,m1,active,Fp1,0.5683162560939629,ok,128
2,m1,active,Fp2,0.7412854239012214,ok,128
2,m1,active,F3,0.5440863226672878,ok,128
2,m1,active,F4,0.5358349567214072,ok,128
2,m1,active,C3,0.7405392069692978,ok,128
2,m1,active,C4,0.5332672625811498,ok,128
2,m1,active,P3,0.6569097081630398,ok,128
2,m1,active,P4,0.6106694142197034,ok,128
2,m1,active,O1,0.4599584218391165,ok,128
2,m1,active,O2,0.5093039465109477,ok,128
2,m1,active,F7,0.6209450055870306,ok,128
2,m1,active,F8,0.6218621794620494,ok,128
2,m1,active,T7,0.6039748945504909,ok,128
2,m1,active,T8,0.6495581557289185,ok,128
2,m1,active,P7,0.509570876705802,ok,128
2,m1,active,P8,0.4581015877303586,ok,128
2,m1,active,Fz,0.5896082083618469,ok,128
2,m1,active,Cz,0.5699948815839686,ok,128
2,m1,active,Pz,0.5671645538232555,ok,128
2,m1,active,Iz,0.5041978138060113,ok,128
2,m1,active,FC1,0.6552712183721995,ok,128
2,m1,active,FC2,0.511729726126004,ok,128
2,m1,active,CP1,0.6717503899723675,ok,128
2,m1,active,CP2,0.4765231733214146,ok,128
2,m1,active,FC5,0.5366724797321478,ok,128
2,m1,active,FC6,0.5545602548096704,ok,128
2,m1,active,CP5,0.663979184806371,ok,128
2,m1,active,CP6,0.6828025309434567,ok,128
2,m1,active,TP9,0.5634754311399822,ok,128
2,m1,active,TP10,0.4469483854871286,ok,128
2,m1,sham,Fp1,0.7346401608606754,ok,128
2,m1,sham,Fp2,0.6771099346054731,ok,128
2,m1,sham,F3,0.767939440176676,ok,128
2,m1,sham,F4,0.7133243789754644,ok,128
2,m1,sham,C3,0.7176347944994593,ok,128
2,m1,sham,C4,0.6385159646701627,ok,128
2,m1,sham,P3,0.6685819862366638,ok,128
2,m1,sham,P4,0.7102288997107048,ok,128
2,m1,sham,O1,0.7278983964525307,ok,128
2,m1,sham,O2,0.7349938492980951,ok,128
2,m1,sham,F7,0.7332491835348292,ok,128
2,m1,sham,F8,0.672044622170976,ok,128
2,m1,sham,T7,0.7200721883511636,ok,128
2,m1,sham,T8,0.6718019710884565,ok,128
2,m1,sham,P7,0.7723793767045032,ok,128
2,m1,sham,P8,0.6476150710095184,ok,128
2,m1,sham,Fz,0.8358519572244144,ok,128
2,m1,sham,Cz,0.7872542341890095,ok,128
2,m1,sham,Pz,0.7781642243975058,ok,128
2,m1,sham,Iz,0.7221513080458901,ok,128
2,m1,sham,FC1,0.7294652332345176,ok,128
2,m1,sham,FC2,0.6828480487284225,ok,128
2,m1,sham,CP1,0.707651641228899,ok,128
2,m1,sham,CP2,0.6650883955850607,ok,128
2,m1,sham,FC5,0.6131347882457637,ok,128
2,m1,sham,FC6,0.59725510071652,ok,128
2,m1,sham,CP5,0.7171280355415475,ok,128
2,m1,sham,CP6,0.6718780748546885,ok,128
2,m1,sham,TP9,0.733548966298553,ok,128
2,m1,sham,TP10,0.6450500325021093,ok,128
2,ppc,active,Fp1,0.6337976364224729,ok,128
2,ppc,active,Fp2,0.7911520818275249,ok,128
2,ppc,active,F3,0.6124290002851315,ok,128
2,ppc,active,F4,0.6076470243144259,ok,128
2,ppc,active,C3,0.7114965152001709,ok,128
2,ppc,active,C4,0.5691415932851043,ok,128
2,ppc,active,P3,0.6408365885353162,ok,128
2,ppc,active,P4,0.6703268039289092,ok,128
2,ppc,active,O1,0.6895319506549954,ok,128
2,ppc,active,O2,0.593515731426732,ok,128
2,ppc,active,F7,0.6202280167096427,ok,128
2,ppc,active,F8,0.7948935153988483,ok,128
2,ppc,active,T7,0.5692261922219113,ok,128
2,ppc,active,T8,0.5233206504161402,ok,128
2,ppc,active,P7,0.6782994712555008,ok,128
2,ppc,active,P8,0.5560708357327176,ok,128
2,ppc,active,Fz,0.5972976559593585,ok,128
2,ppc,active,Cz,0.6097261264484451,ok,128
2,ppc,active,Pz,0.6163072571807721,ok,128
2,ppc,active,Iz,0.6732969124933633,ok,128
2,ppc,active,FC1,0.6445320731812906,ok,128
2,ppc,active,FC2,0.577863364496669,ok,128
2,ppc,active,CP1,0.5803101437922839,ok,128
2,ppc,active,CP2,0.7406580983292604,ok,128
2,ppc,active,FC5,0.638835183703142,ok,128
2,ppc,active,FC6,0.5597276204446613,ok,128
2,ppc,active,CP5,0.5904229963232552,ok,128
2,ppc,active,CP6,0.642437648995395,ok,128
2,ppc,active,TP9,0.6050905085151905,ok,128
2,ppc,active,TP10,0.6789337141830418,ok,128
2,ppc,sham,Fp1,0.7966869044021214,ok,128
2,ppc,sham,Fp2,0.600697447441396,ok,128
2,ppc,sham,F3,0.7167843260512565,ok,128
2,ppc,sham,F4,0.7004468271493888,ok,128
2,ppc,sham,C3,0.7396679104126674,ok,128
2,ppc,sham,C4,0.6280408484694088,ok,128
2,ppc,sham,P3,0.790243937295541,ok,128
2,ppc,sham,P4,0.710898441291949,ok,128
2,ppc,sham,O1,0.649674452670748,ok,128
2,ppc,sham,O2,0.5831151797951758,ok,128
2,ppc,sham,F7,0.7582079465113325,ok,128
2,ppc,sham,F8,0.669399782527287,ok,128
2,ppc,sham,T7,0.6989498278085753,ok,128
2,ppc,sham,T8,0.6947361881348343,ok,128
2,ppc,sham,P7,0.7643919879782388,ok,128
2,ppc,sham,P8,0.5906917231770089,ok,128
2,ppc,sham,Fz,0.7824987595714058,ok,128
2,ppc,sham,Cz,0.6373435706339201,ok,128
2,ppc,sham,Pz,0.8167858349070063,ok,128
2,ppc,sham,Iz,0.6982911390421023,ok,128
2,ppc,sham,FC1,0.7636666859455282,ok,128
2,ppc,sham,FC2,0.6460393974595546,ok,128
2,ppc,sham,CP1,0.681839055499885,ok,128
2,ppc,sham,CP2,0.7747622796389383,ok,128
2,ppc,sham,FC5,0.6925597949286908,ok,128
2,ppc,sham,FC6,0.7078502936192175,ok,128
2,ppc,sham,CP5,0.7766351163033178,ok,128
2,ppc,sham,CP6,0.6466017431123556,ok,128
2,ppc,sham,TP9,0.6567676050805417,ok,128
2,ppc,sham,TP10,0.5991200386436161,ok,128
3,dlpfc,active,Fp1,0.7180768107266315,ok,128
3,dlpfc,active,Fp2,0.3733684856008817,ok,128
3,dlpfc,active,F3,0.7062790539726308,ok,128
3,dlpfc,active,F4,0.584268618743468,ok,128
3,dlpfc,active,C3,0.7393118152554337,ok,128
3,dlpfc,active,C4,0.7389683839855214,ok,128
3,dlpfc,active,P3,0.9967009683660379,ok,128
3,dlpfc,active,P4,0.6192454268462115,ok,128
3,dlpfc,active,O1,0.612637875568946,ok,128
3,dlpfc,active,O2,0.7837292053121633,ok,128
3,dlpfc,active,F7,0.607346366397256,ok,128
3,dlpfc,active,F8,0.6176432186381877,ok,128
3,dlpfc,active,T7,0.652547015562746,ok,128
3,dlpfc,active,T8,0.6110564155212361,ok,128
3,dlpfc,active,P7,0.7152190905035554,ok,128
3,dlpfc,active,P8,0.8005017825874622,ok,128
3,dlpfc,active,Fz,0.7335683238714511,ok,128
3,dlpfc,active,Cz,0.80671278960879,ok,128
3,dlpfc,active,Pz,0.624086548734402,ok,128
3,dlpfc,active,Iz,0.7229982132549989,ok,128
3,dlpfc,active,FC1,0.8534999077290526,ok,128
3,dlpfc,active,FC2,0.7205488510786853,ok,128
3,dlpfc,active,CP1,0.8184258259665961,ok,128
3,dlpfc,active,CP2,0.6947715399143487,ok,128
3,dlpfc,active,FC5,0.7682590805492876,ok,128
3,dlpfc,active,FC6,0.8615856979057324,ok,128
3,dlpfc,active,CP5,0.6941114973658624,ok,128
3,dlpfc,active,CP6,0.5521740707305596,ok,128
3,dlpfc,active,TP9,0.48862991461033184,ok,128
3,dlpfc,active,TP10,0.8016049024950855,ok,128
3,dlpfc,sham,Fp1,0.7787989951302028,ok,128
3,dlpfc,sham,Fp2,0.5549665256878998,ok,128
3,dlpfc,sham,F3,0.5341743088650623,ok,128
3,dlpfc,sham,F4,0.5833635237739315,ok,128
3,dlpfc,sham,C3,0.49316746791349636,ok,128
3,dlpfc,sham,C4,0.5103079218795002,ok,128
3,dlpfc,sham,P3,0.7224934850006045,ok,128
3,dlpfc,sham,P4,0.4156129713688899,ok,128
3,dlpfc,sham,O1,0.7038930669891232,ok,128
3,dlpfc,sham,O2,0.6529521392045963,ok,128
3,dlpfc,sham,F7,0.49597406050727594,ok,128
3,dlpfc,sham,F8,0.7748012093738231,ok,128
3,dlpfc,sham,T7,0.7050876466843868,ok,128
3,dlpfc,sham,T8,0.5698378329738751,ok,128
3,dlpfc,sham,P7,0.8217626325786203,ok,128
3,dlpfc,sham,P8,0.5942536281058846,ok,128
3,dlpfc,sham,Fz,0.46702800230660896,ok,128
3,dlpfc,sham,Cz,0.6219417381635255,ok,128
3,dlpfc,sham,Pz,1.014709988520772,ok,128
3,dlpfc,sham,Iz,0.618854673627686,ok,128
3,dlpfc,sham,FC1,0.5807487385022849,ok,128
3,dlpfc,sham,FC2,0.5062494074676086,ok,128
3,dlpfc,sham,CP1,0.5111602398574725,ok,128
3,dlpfc,sham,CP2,0.6247682005477713,ok,128
3,dlpfc,sham,FC5,0.6084907848957455,ok,128
3,dlpfc,sham,FC6,0.5982688922546859,ok,128
3,dlpfc,sham,CP5,0.7952716000780973,ok,128
3,dlpfc,sham,CP6,0.5444817705228484,ok,128
3,dlpfc,sham,TP9,0.8051974912049431,ok,128
3,dlpfc,sham,TP10,0.5036144885179665,ok,128
3,m1,active,Fp1,0.6200351294859755,ok,128
3,m1,active,Fp2,0.619056018933788,ok,128
3,m1,active,F3,0.7272652607639029,ok,128
3,m1,active,F4,0.6881409718024958,ok,128
3,m1,active,C3,0.67168179013063,ok,128
3,m1,active,C4,0.6588017217973706,ok,128
3,m1,active,P3,0.7689429578482025,ok,128
3,m1,active,P4,0.646943154344018,ok,128
3,m1,active,O1,0.6663132177042019,ok,128
3,m1,active,O2,0.60748615164991,ok,128
3,m1,active,F7,0.5489597270108805,ok,128
3,m1,active,F8,0.7412142559491053,ok,128
3,m1,active,T7,0.7894521607185231,ok,128
3,m1,active,T8,0.7519319917922656,ok,128
3,m1,active,P7,0.6307605146690405,ok,128
3,m1,active,P8,0.453364790713398,ok,128
3,m1,active,Fz,0.6724303159991871,ok,128
3,m1,active,Cz,0.6449054860611928,ok,128
3,m1,active,Pz,0.7661499241494503,ok,128
3,m1,active,Iz,0.5645165767862773,ok,128
3,m1,active,FC1,0.7127957528413547,ok,128
3,m1,active,FC2,0.6152048236041011,ok,128
3,m1,active,CP1,0.6975219434589693,ok,128
3,m1,active,CP2,0.49238582178495904,ok,128
3,m1,active,FC5,0.9291308729868859,ok,128
3,m1,active,FC6,0.7573951764902759,ok,128
3,m1,active,CP5,0.6959719298707265,ok,128
3,m1,active,CP6,0.6674915442249758,ok,128
3,m1,active,TP9,0.6240738743520492,ok,128
3,m1,active,TP10,0.4384021737678467,ok,128
3,m1,sham,Fp1,0.6059519000991999,ok,128
3,m1,sham,Fp2,0.6619307832601006,ok,128
3,m1,sham,F3,0.5635268919378771,ok,128
3,m1,sham,F4,0.6617384459780633,ok,128
3,m1,sham,C3,0.6837271283430262,ok,128
3,m1,sham,C4,0.7278380317656609,ok,128
3,m1,sham,P3,0.5463709152832735,ok,128
3,m1,sham,P4,0.5391515519891606,ok,128
3,m1,sham,O1,0.5662362700689312,ok,128
3,m1,sham,O2,0.6005306838433303,ok,128
3,m1,sham,F7,0.6280931628212679,ok,128
3,m1,sham,F8,0.6781394682498899,ok,128
3,m1,sham,T7,0.8431256510204397,ok,128
3,m1,sham,T8,0.6847707163718021,ok,128
3,m1,sham,P7,0.6960004228851684,ok,128
3,m1,sham,P8,0.7814279146253544,ok,128
3,m1,sham,Fz,0.5819519268738068,ok,128
3,m1,sham,Cz,0.6413632428306948,ok,128
3,m1,sham,Pz,0.6886841402584553,ok,128
3,m1,sham,Iz,0.550245627767613,ok,128
3,m1,sham,FC1,0.7833073218562483,ok,128
3,m1,sham,FC2,0.6475087297225106,ok,128
3,m1,sham,CP1,0.7145222863154574,ok,128
3,m1,sham,CP2,0.5463127419243228,ok,128
3,m1,sham,FC5,0.5833973352123345,ok,128
3,m1,sham,FC6,0.6746706337379558,ok,128
3,m1,sham,CP5,0.6519708715860681,ok,128
3,m1,sham,CP6,0.7565203015419933,ok,128
3,m1,sham,TP9,0.6991196198583184,ok,128
3,m1,sham,TP10,0.7420966722286809,ok,128
3,ppc,active,Fp1,0.6079291900586408,ok,128
3,ppc,active,Fp2,0.6685980474012022,ok,128
3,ppc,active,F3,0.5714051340127614,ok,128
3,ppc,active,F4,0.7460663002463722,ok,128
3,ppc,active,C3,0.62838729265253,ok,128
3,ppc,active,C4,0.7255821968000911,ok,128
3,ppc,active,P3,0.7024449854286461,ok,128
3,ppc,active,P4,0.7015550333270448,ok,128
3,ppc,active,O1,0.7599525218192046,ok,128
3,ppc,active,O2,0.7570586890030475,ok,128
3,ppc,active,F7,0.6045143599189964,ok,128
3,ppc,active,F8,0.4630971381516898,ok,128
3,ppc,active,T7,0.7193476924524712,ok,128
3,ppc,active,T8,0.6235726210991831,ok,128
3,ppc,active,P7,0.5598314568059672,ok,128
3,ppc,active,P8,0.6799734470130553,ok,128
3,ppc,active,Fz,0.6683446336702763,ok,128
3,ppc,active,Cz,0.6544090435011068,ok,128
3,ppc,active,Pz,0.7362670354565587,ok,128
3,ppc,active,Iz,0.6390078313905796,ok,128
3,ppc,active,FC1,0.6564303169857467,ok,128
3,ppc,active,FC2,0.5492425119402663,ok,128
3,ppc,active,CP1,0.6360020436846449,ok,128
3,ppc,active,CP2,0.7744151110741538,ok,128
3,ppc,active,FC5,0.6270240576297119,ok,128
3,ppc,active,FC6,0.6583259066135382,ok,128
3,ppc,active,CP5,0.5652597542811195,ok,128
3,ppc,active,CP6,0.6744852641606581,ok,128
3,ppc,active,TP9,0.7351119267973895,ok,128
3,ppc,active,TP10,0.45315910743305976,ok,128
3,ppc,sham,Fp1,0.7433773383788611,ok,128
3,ppc,sham,Fp2,1.0063108266438983,ok,128
3,ppc,sham,F3,0.736220493895184,ok,128
3,ppc,sham,F4,0.7111833043277367,ok,128
3,ppc,sham,C3,0.6812942786263281,ok,128
3,ppc,sham,C4,0.4963971760371169,ok,128
3,ppc,sham,P3,0.7350311583552073,ok,128
3,ppc,sham,P4,0.6765678336333597,ok,128
3,ppc,sham,O1,0.7201980539810884,ok,128
3,ppc,sham,O2,0.5614547407939928,ok,128
3,ppc,sham,F7,0.6162573547218446,ok,128
3,ppc,sham,F8,0.6745283397773684,ok,128
3,ppc,sham,T7,0.5429537647961653,ok,128
3,ppc,sham,T8,0.8915674047133918,ok,128
3,ppc,sham,P7,0.7964914466710944,ok,128
3,ppc,sham,P8,0.5200614943854648,ok,128
3,ppc,sham,Fz,0.6930731664052163,ok,128
3,ppc,sham,Cz,0.7476647602488989,ok,128
3,ppc,sham,Pz,0.7511676999852052,ok,128
3,ppc,sham,Iz,0.6355708367269135,ok,128
3,ppc,sham,FC1,0.6584817609368513,ok,128
3,ppc,sham,FC2,0.7107952835033382,ok,128
3,ppc,sham,CP1,0.6810146756280775,ok,128
3,ppc,sham,CP2,0.7013168993096084,ok,128
3,ppc,sham,FC5,0.6979497737970388,ok,128
3,ppc,sham,FC6,0.9058702200074507,ok,128
3,ppc,sham,CP5,0.7771792987140557,ok,128
3,ppc,sham,CP6,0.6832322270403591,ok,128
3,ppc,sham,TP9,0.6565041737766885,ok,128
3,ppc,sham,TP10,0.5240145692583997,ok,128
4,dlpfc,active,Fp1,1.411493401320392,ok,128
4,dlpfc,active,Fp2,0.7359260653422915,ok,128
4,dlpfc,active,F3,0.5008621206696455,ok,128
4,dlpfc,active,F4,0.6769959712964206,ok,128
4,dlpfc,active,C3,1.0001563971459384,ok,128
4,dlpfc,active,C4,0.6510292989532365,ok,128
4,dlpfc,active,P3,0.7366612427659922,ok,128
4,dlpfc,active,P4,0.7839006782686827,ok,128
4,dlpfc,active,O1,0.7598947602600036,ok,128
4,dlpfc,active,O2,0.9502798302894959,ok,128
4,dlpfc,active,F7,0.7225378421015934,ok,128
4,dlpfc,active,F8,0.44609159631839373,ok,128
4,dlpfc,active,T7,0.7614752558542972,ok,128
4,dlpfc,active,T8,0.53289611369399,ok,128
4,dlpfc,active,P7,0.8417587077103378,ok,128
4,dlpfc,active,P8,0.46167527094989785,ok,128
4,dlpfc,active,Fz,1.0532273590606585,ok,128
4,dlpfc,active,Cz,0.6879746924202829,ok,128
4,dlpfc,active,Pz,0.785979250421096,ok,128
4,dlpfc,active,Iz,0.7493753369154159,ok,128
4,dlpfc,active,FC1,0.6532276495144894,ok,128
4,dlpfc,active,FC2,0.5459618617753609,ok,128
4,dlpfc,active,CP1,0.7067842149946892,ok,128
4,dlpfc,active,CP2,0.6836992099130726,ok,128
4,dlpfc,active,FC5,1.0409974437762084,ok,128
4,dlpfc,active,FC6,0.3488842491340876,ok,128
4,dlpfc,active,CP5,0.6110425924362859,ok,128
4,dlpfc,active,CP6,0.7384801578312539,ok,128
4,dlpfc,active,TP9,0.7113326173647083,ok,128
4,dlpfc,active,TP10,0.6765328296318835,ok,128
4,dlpfc,sham,Fp1,0.5155273926665915,ok,128
4,dlpfc,sham,Fp2,0.5433903001821458,ok,128
4,dlpfc,sham,F3,0.9270726730472739,ok,128
4,dlpfc,sham,F4,0.7839259785109555,ok,128
4,dlpfc,sham,C3,0.5299259581278175,ok,128
4,dlpfc,sham,C4,0.46248623771870945,ok,128
4,dlpfc,sham,P3,0.7536531085981485,ok,128
4,dlpfc,sham,P4,0.8243803085335886,ok,128
4,dlpfc,sham,O1,0.6566270227375635,ok,128
4,dlpfc,sham,O2,0.6867686703544916,ok,128
4,dlpfc,sham,F7,0.6816176592460532,ok,128
4,dlpfc,sham,F8,0.5363492690738996,ok,128
4,dlpfc,sham,T7,0.902532081544395,ok,128
4,dlpfc,sham,T8,0.6522404478537052,ok,128
4,dlpfc,sham,P7,0.6504267358401269,ok,128
4,dlpfc,sham,P8,0.5448426290315456,ok,128
4,dlpfc,sham,Fz,0.8115386626570589,ok,128
4,dlpfc,sham,Cz,0.7656272429303534,ok,128
4,dlpfc,sham,Pz,0.7412911196626116,ok,128
4,dlpfc,sham,Iz,0.5896425292461107,ok,128
4,dlpfc,sham,FC1,0.6641580040920547,ok,128
4,dlpfc,sham,FC2,0.6070389848474146,ok,128
4,dlpfc,sham,CP1,0.5664948735149453,ok,128
4,dlpfc,sham,CP2,0.7400337479714726,ok,128
4,dlpfc,sham,FC5,0.6447888991355982,ok,128
4,dlpfc,sham,FC6,0.669828539535595,ok,128
4,dlpfc,sham,CP5,0.7407083900827233,ok,128
4,dlpfc,sham,CP6,0.5558032761027675,ok,128
4,dlpfc,sham,TP9,0.9739680861781417,ok,128
4,dlpfc,sham,TP10,0.5605458062059974,ok,128
4,m1,active,Fp1,0.7692913987329383,ok,128
4,m1,active,Fp2,0.5834490609088471,ok,128
4,m1,active,F3,0.6182352694307788,ok,128
4,m1,active,F4,0.7445023181775092,ok,128
4,m1,active,C3,0.668404001789649,ok,128
4,m1,active,C4,0.5571297006840534,ok,128
4,m1,active,P3,0.6151239662323894,ok,128
4,m1,active,P4,0.5554661862383011,ok,128
4,m1,active,O1,0.4627059565135263,ok,128
4,m1,active,O2,0.6772340624059363,ok,128
4,m1,active,F7,0.38343273562177377,ok,128
4,m1,active,F8,0.535920986845078,ok,128
4,m1,active,T7,0.6929614525201819,ok,128
4,m1,active,T8,0.63349571904863,ok,128
4,m1,active,P7,0.4584823823319807,ok,128
4,m1,active,P8,0.7686984247241557,ok,128
4,m1,active,Fz,0.6582505904566631,ok,128
4,m1,active,Cz,0.5174493950679302,ok,128
4,m1,active,Pz,0.7060309793845434,ok,128
4,m1,active,Iz,0.5825219754741747,ok,128
4,m1,active,FC1,0.7163264525963806,ok,128
4,m1,active,FC2,0.46582787776470513,ok,128
4,m1,active,CP1,0.80913823808954,ok,128
4,m1,active,CP2,0.5844553742865032,ok,128
4,m1,active,FC5,0.8811375310363461,ok,128
4,m1,active,FC6,0.6219177462448789,ok,128
4,m1,active,CP5,0.5656408649130503,ok,128
4,m1,active,CP6,0.951175686827573,ok,128
4,m1,active,TP9,0.5533278085544676,ok,128
4,m1,active,TP10,0.6077386981231931,ok,128
4,m1,sham,Fp1,0.6945472063059492,ok,128
4,m1,sham,Fp2,0.5344105380437144,ok,128
4,m1,sham,F3,0.824437121028037,ok,128
4,m1,sham,F4,0.783052563109474,ok,128
4,m1,sham,C3,0.8040188730367274,ok,128
4,m1,sham,C4,0.6325570017157522,ok,128
4,m1,sham,P3,0.6830081121588367,ok,128
4,m1,sham,P4,0.7451363174579773,ok,128
4,m1,sham,O1,0.5086287750157494,ok,128
4,m1,sham,O2,0.5992320042584834,ok,128
4,m1,sham,F7,0.7139405571271167,ok,128
4,m1,sham,F8,0.7876195900118025,ok,128
4,m1,sham,T7,0.5025980767059601,ok,128
4,m1,sham,T8,0.7426967082919995,ok,128
4,m1,sham,P7,0.6124658256648547,ok,128
4,m1,sham,P8,0.5730447489855247,ok,128
4,m1,sham,Fz,0.7057342264896854,ok,128
4,m1,sham,Cz,0.6258090243132114,ok,128
4,m1,sham,Pz,0.7838974096097165,ok,128
4,m1,sham,Iz,0.5635670901886932,ok,128
4,m1,sham,FC1,0.7321727608938805,ok,128
4,m1,sham,FC2,0.6097175653839904,ok,128
4,m1,sham,CP1,0.6821417203240429,ok,128
4,m1,sham,CP2,0.5449275497424572,ok,128
4,m1,sham,FC5,0.6563036338151907,ok,128
4,m1,sham,FC6,0.7067175793917296,ok,128
4,m1,sham,CP5,0.5504311583834041,ok,128
4,m1,sham,CP6,0.8072360777748523,ok,128
4,m1,sham,TP9,0.6374829499435588,ok,128
4,m1,sham,TP10,0.6385818439183604,ok,128
4,ppc,active,Fp1,0.5418606602603904,ok,128
4,ppc,active,Fp2,0.5455803206915705,ok,128
4,ppc,active,F3,0.924315455437765,ok,128
4,ppc,active,F4,0.7649658292240206,ok,128
4,ppc,active,C3,0.6124801847016919,ok,128
4,ppc,active,C4,0.8963980470567008,ok,128
4,ppc,active,P3,0.733874343985129,ok,128
4,ppc,active,P4,0.736196515269536,ok,128
4,ppc,active,O1,0.608368227456084,ok,128
4,ppc,active,O2,0.5896010057337575,ok,128
4,ppc,active,F7,0.6813174348833366,ok,128
4,ppc,active,F8,0.6258011954922678,ok,128
4,ppc,active,T7,0.6001770743901892,ok,128
4,ppc,active,T8,0.6084601703238701,ok,128
4,ppc,active,P7,0.6496206927943364,ok,128
4,ppc,active,P8,0.5688263957954407,ok,128
4,ppc,active,Fz,0.9307637956435029,ok,128
4,ppc,active,Cz,0.5416137381992719,ok,128
4,ppc,active,Pz,0.6646745681743308,ok,128
4,ppc,active,Iz,0.5226006857867332,ok,128
4,ppc,active,FC1,0.5881862772355123,ok,128
4,ppc,active,FC2,0.48018922774750156,ok,128
4,ppc,active,CP1,0.6392596476801593,ok,128
4,ppc,active,CP2,0.5097467425211776,ok,128
4,ppc,active,FC5,0.8526660377064877,ok,128
4,ppc,active,FC6,0.6660480228082658,ok,128
4,ppc,active,CP5,0.8547028755380897,ok,128
4,ppc,active,CP6,0.8679217862964294,ok,128
4,ppc,active,TP9,0.5900674036291832,ok,128
4,ppc,active,TP10,0.543809289279391,ok,128
4,ppc,sham,Fp1,0.6815344977095228,ok,128
4,ppc,sham,Fp2,0.9806406214881755,ok,128
4,ppc,sham,F3,0.44796377003708704,ok,128
4,ppc,sham,F4,0.501930500223015,ok,128
4,ppc,sham,C3,0.6655594431779295,ok,128
4,ppc,sham,C4,0.4616663942936172,ok,128
4,ppc,sham,P3,0.6710126909704778,ok,128
4,ppc,sham,P4,0.5792120772220352,ok,128
4,ppc,sham,O1,0.7059606467022058,ok,128
4,ppc,sham,O2,0.5749850494035816,ok,128
4,ppc,sham,F7,0.4934982399370154,ok,128
4,ppc,sham,F8,0.7930088229333362,ok,128
4,ppc,sham,T7,0.6793583276263564,ok,128
4,ppc,sham,T8,0.8585994855071327,ok,128
4,ppc,sham,P7,0.6274965173674616,ok,128
4,ppc,sham,P8,0.5559423906135113,ok,128
4,ppc,sham,Fz,0.5908302731306345,ok,128
4,ppc,sham,Cz,0.5140785349436083,ok,128
4,ppc,sham,Pz,0.6275232901649322,ok,128
4,ppc,sham,Iz,0.6161424196996049,ok,128
4,ppc,sham,FC1,0.5630679630604065,ok,128
4,ppc,sham,FC2,0.5199020452303016,ok,128
4,ppc,sham,CP1,0.6494312735490488,ok,128
4,ppc,sham,CP2,0.6644352226085931,ok,128
4,ppc,sham,FC5,0.5709176287352941,ok,128
4,ppc,sham,FC6,0.7575454516512632,ok,128
4,ppc,sham,CP5,0.6655799379374205,ok,128
4,ppc,sham,CP6,0.7032829956609802,ok,128
4,ppc,sham,TP9,0.6248785050385509,ok,128
4,ppc,sham,TP10,0.5546799626444442,ok,128
5,dlpfc,active,Fp1,0.6928827162051202,ok,128
5,dlpfc,active,Fp2,0.6283282590723873,ok,128
5,dlpfc,active,F3,0.77199099397092,ok,128
5,dlpfc,active,F4,0.636177314538444,ok,128
5,dlpfc,active,C3,1.003216300439147,ok,128
5,dlpfc,active,C4,0.47645171575511214,ok,128
5,dlpfc,active,P3,0.5477632116436476,ok,128
5,dlpfc,active,P4,0.6941397037396403,ok,128
5,dlpfc,active,O1,0.5377954045016208,ok,128
5,dlpfc,active,O2,0.9881979292431022,ok,128
5,dlpfc,active,F7,0.8552879694512807,ok,128
5,dlpfc,active,F8,0.7656276547324087,ok,128
5,dlpfc,active,T7,0.7766167282907145,ok,128
5,dlpfc,active,T8,0.6250168299353307,ok,128
5,dlpfc,active,P7,0.551144501190467,ok,128
5,dlpfc,active,P8,0.8863126471622681,ok,128
5,dlpfc,active,Fz,0.5229458837751246,ok,128
5,dlpfc,active,Cz,0.5532752357325111,ok,128
5,dlpfc,active,Pz,0.7464567981510939,ok,128
5,dlpfc,active,Iz,0.6400164057992868,ok,128
5,dlpfc,active,FC1,0.5694336593189028,ok,128
5,dlpfc,active,FC2,0.4827916257022531,ok,128
5,dlpfc,active,CP1,0.6822442192433168,ok,128
5,dlpfc,active,CP2,0.537865892976819,ok,128
5,dlpfc,active,FC5,0.8319437681598147,ok,128
5,dlpfc,active,FC6,0.7993183040147755,ok,128
5,dlpfc,active,CP5,0.5644286141976087,ok,128
5,dlpfc,active,CP6,0.5595759875427326,ok,128
5,dlpfc,active,TP9,0.600810409040081,ok,128
5,dlpfc,active,TP10,0.8259284461721766,ok,128
5,dlpfc,sham,Fp1,0.539998541706218,ok,128
5,dlpfc,sham,Fp2,0.45029864858832075,ok,128
5,dlpfc,sham,F3,0.5189149971278453,ok,128
5,dlpfc,sham,F4,0.6116777781441235,ok,128
5,dlpfc,sham,C3,0.5605216704033713,ok,128
5,dlpfc,sham,C4,0.831073984082514,ok,128
5,dlpfc,sham,P3,0.49845561024271196,ok,128
5,dlpfc,sham,P4,0.6874286874731108,ok,128
5,dlpfc,sham,O1,0.8619282103808452,ok,128
5,dlpfc,sham,O2,0.5964254330407326,ok,128
5,dlpfc,sham,F7,0.9739583590327108,ok,128
5,dlpfc,sham,F8,0.4889951390793275,ok,128
5,dlpfc,sham,T7,0.7259072139085522,ok,128
5,dlpfc,sham,T8,0.4731450453718339,ok,128
5,dlpfc,sham,P7,0.8441636029219918,ok,128
5,dlpfc,sham,P8,0.39730741612784937,ok,128
5,dlpfc,sham,Fz,0.6064714731012967,ok,128
5,dlpfc,sham,Cz,0.5621580350170454,ok,128
5,dlpfc,sham,Pz,0.6659978354830647,ok,128
5,dlpfc,sham,Iz,0.49345109931325715,ok,128
5,dlpfc,sham,FC1,0.6532252668622689,ok,128
5,dlpfc,sham,FC2,0.48405350752248394,ok,128
5,dlpfc,sham,CP1,0.6650672252208863,ok,128
5,dlpfc,sham,CP2,0.6782694421056568,ok,128
5,dlpfc,sham,FC5,0.5279402663177345,ok,128
5,dlpfc,sham,FC6,0.6534154215784848,ok,128
5,dlpfc,sham,CP5,0.5134076509136918,ok,128
5,dlpfc,sham,CP6,0.4507371402273139,ok,128
5,dlpfc,sham,TP9,0.5716165658259982,ok,128
5,dlpfc,sham,TP10,0.5309726272761384,ok,128
5,m1,active,Fp1,0.5828480680448398,ok,128
5,m1,active,Fp2,0.625698007287984,ok,128
5,m1,active,F3,0.6208832074476323,ok,128
5,m1,active,F4,0.6521275267555081,ok,128
5,m1,active,C3,0.8657393386249668,ok,128
5,m1,active,C4,0.6990220700292935,ok,128
5,m1,active,P3,0.6711541461467325,ok,128
5,m1,active,P4,0.7359299396463571,ok,128
5,m1,active,O1,0.6207638917032697,ok,128
5,m1,active,O2,0.6329394742337079,ok,128
5,m1,active,F7,0.8285404842237621,ok,128
5,m1,active,F8,0.7601242151303734,ok,128
5,m1,active,T7,0.577517130962107,ok,128
5,m1,active,T8,0.6867181185825028,ok,128
5,m1,active,P7,0.5532538262842635,ok,128
5,m1,active,P8,0.5162338633488949,ok,128
5,m1,active,Fz,0.6328892311837323,ok,128
5,m1,active,Cz,0.5788386374517549,ok,128
5,m1,active,Pz,0.7481830074339558,ok,128
5,m1,active,Iz,0.44437478231465966,ok,128
5,m1,active,FC1,0.6141743018297128,ok,128
5,m1,active,FC2,0.6819129476778539,ok,128
5,m1,active,CP1,0.6452912929669219,ok,128
5,m1,active,CP2,0.7247951175118451,ok,128
5,m1,active,FC5,0.7881392257424762,ok,128
5,m1,active,FC6,0.735947827046795,ok,128
5,m1,active,CP5,0.6207922082749473,ok,128
5,m1,active,CP6,0.6363419013065178,ok,128
5,m1,active,TP9,0.6398876639460543,ok,128
5,m1,active,TP10,0.8460334112143326,ok,128
5,m1,sham,Fp1,0.7406260780890717,ok,128
5,m1,sham,Fp2,0.8400147362757537,ok,128
5,m1,sham,F3,1.0511597742964736,ok,128
5,m1,sham,F4,0.8327561979427043,ok,128
5,m1,sham,C3,0.6836284499092496,ok,128
5,m1,sham,C4,0.66412716319911,ok,128
5,m1,sham,P3,1.128659697969302,ok,128
5,m1,sham,P4,0.9977097345319493,ok,128
5,m1,sham,O1,0.8736208434672891,ok,128
5,m1,sham,O2,0.8544242207926545,ok,128
5,m1,sham,F7,0.7964270480372657,ok,128
5,m1,sham,F8,0.8135820680182458,ok,128
5,m1,sham,T7,1.1151268517018442,ok,128
5,m1,sham,T8,0.8324659228981947,ok,128
5,m1,sham,P7,1.1534818298632383,ok,128
5,m1,sham,P8,0.7377371783571598,ok,128
5,m1,sham,Fz,0.7233342255305631,ok,128
5,m1,sham,Cz,1.0131577217183618,ok,128
5,m1,sham,Pz,0.9936118354364046,ok,128
5,m1,sham,Iz,0.9907828958304163,ok,128
5,m1,sham,FC1,0.8078179002551746,ok,128
5,m1,sham,FC2,0.9616957448143572,ok,128
5,m1,sham,CP1,0.865999545874303,ok,128
5,m1,sham,CP2,0.7441850307908782,ok,128
5,m1,sham,FC5,1.218261895103678,ok,128
5,m1,sham,FC6,0.8996251616609553,ok,128
5,m1,sham,CP5,1.111019499853747,ok,128
5,m1,sham,CP6,0.8816392652417836,ok,128
5,m1,sham,TP9,0.8567356767364516,ok,128
5,m1,sham,TP10,0.8905480290025295,ok,128
5,ppc,active,Fp1,0.7199483688858552,ok,128
5,ppc,active,Fp2,0.6930192842011836,ok,128
5,ppc,active,F3,0.7411933918051029,ok,128
5,ppc,active,F4,0.7057767004686437,ok,128
5,ppc,active,C3,0.7323186685659736,ok,128
5,ppc,active,C4,0.4322007132937783,ok,128
5,ppc,active,P3,0.5814875349653993,ok,128
5,ppc,active,P4,0.7220778313747356,ok,128
5,ppc,active,O1,0.6037305886882306,ok,128
5,ppc,active,O2,0.6809920398896062,ok,128
5,ppc,active,F7,0.7077842212530291,ok,128
5,ppc,active,F8,0.59956011482487,ok,128
5,ppc,active,T7,0.6885194267012632,ok,128
5,ppc,active,T8,0.6635810151611439,ok,128
5,ppc,active,P7,0.6228410920894264,ok,128
5,ppc,active,P8,0.6086361369190265,ok,128
5,ppc,active,Fz,0.5891238946263055,ok,128
5,ppc,active,Cz,0.5656383615238888,ok,128
5,ppc,active,Pz,0.6846389337275932,ok,128
5,ppc,active,Iz,0.5874837026105365,ok,128
5,ppc,active,FC1,0.5462035284542964,ok,128
5,ppc,active,FC2,0.6310356877214593,ok,128
5,ppc,active,CP1,0.7630609208607402,ok,128
5,ppc,active,CP2,0.7582003853907355,ok,128
5,ppc,active,FC5,0.7482498802959435,ok,128
5,ppc,active,FC6,0.4525281509574345,ok,128
5,ppc,active,CP5,0.6136106648998281,ok,128
5,ppc,active,CP6,0.6925704073124738,ok,128
5,ppc,active,TP9,0.6941721436025317,ok,128
5,ppc,active,TP10,0.7389155685834978,ok,128
5,ppc,sham,Fp1,0.6406008173356312,ok,128
5,ppc,sham,Fp2,0.7306064487326636,ok,128
5,ppc,sham,F3,0.7395166049849796,ok,128
5,ppc,sham,F4,0.7642027958017475,ok,128
5,ppc,sham,C3,0.6063872710149427,ok,128
5,ppc,sham,C4,0.758378333219552,ok,128
5,ppc,sham,P3,0.7529379413636005,ok,128
5,ppc,sham,P4,0.7473689662339567,ok,128
5,ppc,sham,O1,0.7084606460558373,ok,128
5,ppc,sham,O2,0.7042164644766248,ok,128
5,ppc,sham,F7,0.6340556896670589,ok,128
5,ppc,sham,F8,0.719754028939382,ok,128
5,ppc,sham,T7,0.7966383007964004,ok,128
5,ppc,sham,T8,0.7418168151824897,ok,128
5,ppc,sham,P7,0.629725785021283,ok,128
5,ppc,sham,P8,0.6243488776742402,ok,128
5,ppc,sham,Fz,0.7438224869323024,ok,128
5,ppc,sham,Cz,0.6290916373924751,ok,128
5,ppc,sham,Pz,0.548534939855496,ok,128
5,ppc,sham,Iz,0.6922130429574944,ok,128
5,ppc,sham,FC1,0.6033394364892759,ok,128
5,ppc,sham,FC2,0.6458784841048717,ok,128
5,ppc,sham,CP1,0.613847255664008,ok,128
5,ppc,sham,CP2,0.7664440248829872,ok,128
5,ppc,sham,FC5,0.6751312586508024,ok,128
5,ppc,sham,FC6,0.8209693721306052,ok,128
5,ppc,sham,CP5,0.8250751631762487,ok,128
5,ppc,sham,CP6,0.624259700262918,ok,128
5,ppc,sham,TP9,0.7309106607833886,ok,128
5,ppc,sham,TP10,0.6836098428713739,ok,128
6,dlpfc,active,Fp1,1.4364904824763496,ok,128
6,dlpfc,active,Fp2,0.5132375639054106,ok,128
6,dlpfc,active,F3,0.5188329306854313,ok,128
6,dlpfc,active,F4,1.21036221235197,ok,128
6,dlpfc,active,C3,0.8582747801563451,ok,128
6,dlpfc,active,C4,0.9229843264487027,ok,128
6,dlpfc,active,P3,0.5885021451957517,ok,128
6,dlpfc,active,P4,1.008350173999499,ok,128
6,dlpfc,active,O1,0.7680877702797486,ok,128
6,dlpfc,active,O2,0.7276011760992162,ok,128
6,dlpfc,active,F7,0.7016178888906252,ok,128
6,dlpfc,active,F8,1.6208549588580146,ok,128
6,dlpfc,active,T7,0.7563429040338313,ok,128
6,dlpfc,active,T8,0.6027582469195947,ok,128
6,dlpfc,active,P7,0.6525880887108269,ok,128
6,dlpfc,active,P8,0.8522879607206352,ok,128
6,dlpfc,active,Fz,0.9289892411866736,ok,128
6,dlpfc,active,Cz,0.6755246034672009,ok,128
6,dlpfc,active,Pz,0.6127420654685649,ok,128
6,dlpfc,active,Iz,0.9340329870427793,ok,128
6,dlpfc,active,FC1,0.591223331399548,ok,128
6,dlpfc,active,FC2,1.0277749948610713,ok,128
6,dlpfc,active,CP1,0.9393532288118975,ok,128
6,dlpfc,active,CP2,0.41469333855599966,ok,128
6,dlpfc,active,FC5,0.8192355145897647,ok,128
6,dlpfc,active,FC6,0.8568227305710718,ok,128
6,dlpfc,active,CP5,0.5490665364452981,ok,128
6,dlpfc,active,CP6,0.4575055848330656,ok,128
6,dlpfc,active,TP9,0.5296432192124045,ok,128
6,dlpfc,active,TP10,0.31913694740395515,ok,128
6,dlpfc,sham,Fp1,0.6480576377650498,ok,128
6,dlpfc,sham,Fp2,0.7105498748543779,ok,128
6,dlpfc,sham,F3,0.5918833276568265,ok,128
6,dlpfc,sham,F4,0.6572990512010163,ok,128
6,dlpfc,sham,C3,0.669274630892258,ok,128
6,dlpfc,sham,C4,0.5409673413854625,ok,128
6,dlpfc,sham,P3,0.7264075466526375,ok,128
6,dlpfc,sham,P4,0.56227787017328,ok,128
6,dlpfc,sham,O1,0.9207099892858766,ok,128
6,dlpfc,sham,O2,0.635641131362197,ok,128
6,dlpfc,sham,F7,0.7171092903182713,ok,128
6,dlpfc,sham,F8,0.5789278767417794,ok,128
6,dlpfc,sham,T7,0.5039941752907237,ok,128
6,dlpfc,sham,T8,0.5658561389276362,ok,128
6,dlpfc,sham,P7,0.8179951482771805,ok,128
6,dlpfc,sham,P8,0.7746303825635877,ok,128
6,dlpfc,sham,Fz,0.7520875984553285,ok,128
6,dlpfc,sham,Cz,0.6945249535276954,ok,128
6,dlpfc,sham,Pz,0.6058076981090641,ok,128
6,dlpfc,sham,Iz,0.5959763604246874,ok,128
6,dlpfc,sham,FC1,0.8612645948148547,ok,128
6,dlpfc,sham,FC2,0.46206682693115153,ok,128
6,dlpfc,sham,CP1,0.6628371415445609,ok,128
6,dlpfc,sham,CP2,0.6560266080389215,ok,128
6,dlpfc,sham,FC5,0.6507745152490299,ok,128
6,dlpfc,sham,FC6,0.6023797150692123,ok,128
6,dlpfc,sham,CP5,0.7018751584066503,ok,128
6,dlpfc,sham,CP6,0.5454324484753621,ok,128
6,dlpfc,sham,TP9,0.8136984010472584,ok,128
6,dlpfc,sham,TP10,0.8502196550257244,ok,128
6,m1,active,Fp1,0.7346062356122531,ok,128
6,m1,active,Fp2,0.7431675526678979,ok,128
6,m1,active,F3,0.7407096050883474,ok,128
6,m1,active,F4,0.6295937152492792,ok,128
6,m1,active,C3,0.7295551041690689,ok,128
6,m1,active,C4,0.6290145537644103,ok,128
6,m1,active,P3,0.55344679180781,ok,128
6,m1,active,P4,0.7236339848854296,ok,128
6,m1,active,O1,0.7166022997726128,ok,128
6,m1,active,O2,0.7684171677270701,ok,128
6,m1,active,F7,0.7349865085645717,ok,128
6,m1,active,F8,0.6319543556175788,ok,128
6,m1,active,T7,0.717120934321411,ok,128
6,m1,active,T8,0.6594390306025077,ok,128
6,m1,active,P7,0.6700486279497765,ok,128
6,m1,active,P8,0.5035266293622165,ok,128
6,m1,active,Fz,0.7107487998978821,ok,128
6,m1,active,Cz,0.7628747487535698,ok,128
6,m1,active,Pz,0.47902020290136976,ok,128
6,m1,active,Iz,0.8325109447073432,ok,128
6,m1,active,FC1,0.7410094399798446,ok,128
6,m1,active,FC2,0.6318235246761085,ok,128
6,m1,active,CP1,0.569414933143406,ok,128
6,m1,active,CP2,0.8338023373158022,ok,128
6,m1,active,FC5,0.7267901186142148,ok,128
6,m1,active,FC6,0.5434326981546145,ok,128
6,m1,active,CP5,0.5886727264577221,ok,128
6,m1,active,CP6,0.7901341996056771,ok,128
6,m1,active,TP9,0.6732337264259052,ok,128
6,m1,active,TP10,0.5295677122497983,ok,128
6,m1,sham,Fp1,0.7053655428359036,ok,128
6,m1,sham,Fp2,0.7847331750770055,ok,128
6,m1,sham,F3,0.677653919545743,ok,128
6,m1,sham,F4,0.7413915595312648,ok,128
6,m1,sham,C3,0.6936173993973922,ok,128
6,m1,sham,C4,0.6050467002884926,ok,128
6,m1,sham,P3,0.7057858968399595,ok,128
6,m1,sham,P4,0.7300812735528986,ok,128
6,m1,sham,O1,0.6795171163938519,ok,128
6,m1,sham,O2,0.6411453751695223,ok,128
6,m1,sham,F7,0.7124521597841406,ok,128
6,m1,sham,F8,0.7370714243847649,ok,128
6,m1,sham,T7,0.6723532129489826,ok,128
6,m1,sham,T8,0.6003461038431673,ok,128
6,m1,sham,P7,0.6763279905290394,ok,128
6,m1,sham,P8,0.6664158734738903,ok,128
6,m1,sham,Fz,0.6667072562489225,ok,128
6,m1,sham,Cz,0.6665284057967662,ok,128
6,m1,sham,Pz,0.7101584326059787,ok,128
6,m1,sham,Iz,0.5939491974724838,ok,128
6,m1,sham,FC1,0.7344299232737875,ok,128
6,m1,sham,FC2,0.663114645717961,ok,128
6,m1,sham,CP1,0.7802310469792164,ok,128
6,m1,sham,CP2,0.5976214069872583,ok,128
6,m1,sham,FC5,0.6501570047227514,ok,128
6,m1,sham,FC6,0.6978908063799476,ok,128
6,m1,sham,CP5,0.7714767963312587,ok,128
6,m1,sham,CP6,0.6162837629902878,ok,128
6,m1,sham,TP9,0.7015938338691515,ok,128
6,m1,sham,TP10,0.6271660911506911,ok,128
6,ppc,active,Fp1,0.5629195734001143,ok,128
6,ppc,active,Fp2,0.898714354449886,ok,128
6,ppc,active,F3,0.6320905114391167,ok,128
6,ppc,active,F4,0.8588371656466639,ok,128
6,ppc,active,C3,0.6096385149297541,ok,128
6,ppc,active,C4,0.9445186989128574,ok,128
6,ppc,active,P3,0.7345304162988937,ok,128
6,ppc,active,P4,0.5653134463373191,ok,128
6,ppc,active,O1,0.5866006342570256,ok,128
6,ppc,active,O2,0.7262986463299439,ok,128
6,ppc,active,F7,0.6432067957638326,ok,128
6,ppc,active,F8,0.7992140165655699,ok,128
6,ppc,active,T7,0.6771499949195022,ok,128
6,ppc,active,T8,0.8612542489593632,ok,128
6,ppc,active,P7,0.5685339943647791,ok,128
6,ppc,active,P8,0.9517512543918453,ok,128
6,ppc,active,Fz,0.5115242365067735,ok,128
6,ppc,active,Cz,0.5625311505875764,ok,128
6,ppc,active,Pz,0.5644412733414839,ok,128
6,ppc,active,Iz,0.6431071855195367,ok,128
6,ppc,active,FC1,0.5372182383187908,ok,128
6,ppc,active,FC2,0.509202491694781,ok,128
6,ppc,active,CP1,0.6378574857721792,ok,128
6,ppc,active,CP2,0.5818863596469117,ok,128
6,ppc,active,FC5,0.5742664351771958,ok,128
6,ppc,active,FC6,0.8408000513430041,ok,128
6,ppc,active,CP5,0.5878910600460736,ok,128
6,ppc,active,CP6,0.5842294085138501,ok,128
6,ppc,active,TP9,0.5549829935977955,ok,128
6,ppc,active,TP10,0.567774472117525,ok,128
6,ppc,sham,Fp1,0.6900349600240678,ok,128
6,ppc,sham,Fp2,0.7027268668379074,ok,128
6,ppc,sham,F3,0.7202779555289823,ok,128
6,ppc,sham,F4,0.7279623953802079,ok,128
6,ppc,sham,C3,0.5984777740804549,ok,128
6,ppc,sham,C4,0.6349595113961033,ok,128
6,ppc,sham,P3,0.6356970179028464,ok,128
6,ppc,sham,P4,0.5803764722296281,ok,128
6,ppc,sham,O1,0.6584687079285148,ok,128
6,ppc,sham,O2,0.5699735888154231,ok,128
6,ppc,sham,F7,0.6406457290572113,ok,128
6,ppc,sham,F8,0.6414792048668206,ok,128
6,ppc,sham,T7,0.6155979122490627,ok,128
6,ppc,sham,T8,0.5595927900376783,ok,128
6,ppc,sham,P7,0.6433833607030432,ok,128
6,ppc,sham,P8,0.6002812635064471,ok,128
6,ppc,sham,Fz,0.7889718913681829,ok,128
6,ppc,sham,Cz,0.6475376784444067,ok,128
6,ppc,sham,Pz,0.6991441517296016,ok,128
6,ppc,sham,Iz,0.6034875192292941,ok,128
6,ppc,sham,FC1,0.6955250774846736,ok,128
6,ppc,sham,FC2,0.7080201785339364,ok,128
6,ppc,sham,CP1,0.6802531932090295,ok,128
6,ppc,sham,CP2,0.740005272679158,ok,128
6,ppc,sham,FC5,0.6611955284713829,ok,128
6,ppc,sham,FC6,0.7391952097331075,ok,128
6,ppc,sham,CP5,0.7774379175627897,ok,128
6,ppc,sham,CP6,0.48975536285800947,ok,128
6,ppc,sham,TP9,0.6617269657337402,ok,128
6,ppc,sham,TP10,0.6166070730891988,ok,128
7,dlpfc,active,Fp1,0.7279479964150865,ok,128
7,dlpfc,active,Fp2,0.4616465191525699,ok,128
7,dlpfc,active,F3,0.8247959130477341,ok,128
7,dlpfc,active,F4,0.41207476603135784,ok,128
7,dlpfc,active,C3,0.8381835849593265,ok,128
7,dlpfc,active,C4,0.645415655181903,ok,128
7,dlpfc,active,P3,0.7415466784222391,ok,128
7,dlpfc,active,P4,0.6450248433644141,ok,128
7,dlpfc,active,O1,0.6970697376117662,ok,128
7,dlpfc,active,O2,0.5267937071527113,ok,128
7,dlpfc,active,F7,0.765248002231043,ok,128
7,dlpfc,active,F8,0.5202098488561063,ok,128
7,dlpfc,active,T7,0.5755656876304757,ok,128
7,dlpfc,active,T8,0.8969634710631064,ok,128
7,dlpfc,active,P7,0.7399197625629157,ok,128
7,dlpfc,active,P8,0.5610725963238564,ok,128
7,dlpfc,active,Fz,0.5676312144340341,ok,128
7,dlpfc,active,Cz,0.5917409082335869,ok,128
7,dlpfc,active,Pz,0.6603122516610671,ok,128
7,dlpfc,active,Iz,0.748485654269327,ok,128
7,dlpfc,active,FC1,0.8567272477181325,ok,128
7,dlpfc,active,FC2,0.504777305508399,ok,128
7,dlpfc,active,CP1,0.9149188203998877,ok,128
7,dlpfc,active,CP2,0.5924591539012897,ok,128
7,dlpfc,active,FC5,0.7904683970635524,ok,128
7,dlpfc,active,FC6,0.5537908406613261,ok,128
7,dlpfc,active,CP5,0.58619680955699,ok,128
7,dlpfc,active,CP6,0.4723372593841426,ok,128
7,dlpfc,active,TP9,0.5700323685838702,ok,128
7,dlpfc,active,TP10,0.531112335408668,ok,128
7,dlpfc,sham,Fp1,0.755547714699117,ok,128
7,dlpfc,sham,Fp2,0.6174418380976692,ok,128
7,dlpfc,sham,F3,0.4275541263628697,ok,128
7,dlpfc,sham,F4,0.6514500741622602,ok,128
7,dlpfc,sham,C3,0.7653238178161463,ok,128
7,dlpfc,sham,C4,0.7905988049841903,ok,128
7,dlpfc,sham,P3,0.7769615692097287,ok,128
7,dlpfc,sham,P4,0.7406558673243095,ok,128
7,dlpfc,sham,O1,0.5440625580420175,ok,128
7,dlpfc,sham,O2,0.7638546507535923,ok,128
7,dlpfc,sham,F7,0.7600857930971449,ok,128
7,dlpfc,sham,F8,0.8815219147589035,ok,128
7,dlpfc,sham,T7,0.6000541448167315,ok,128
7,dlpfc,sham,T8,0.6135877060620779,ok,128
7,dlpfc,sham,P7,0.5989222774552997,ok,128
7,dlpfc,sham,P8,0.7435576399916647,ok,128
7,dlpfc,sham,Fz,0.43020494572662504,ok,128
7,dlpfc,sham,Cz,0.6936739625833618,ok,128
7,dlpfc,sham,Pz,0.7402345106877658,ok,128
7,dlpfc,sham,Iz,0.7266577533115318,ok,128
7,dlpfc,sham,FC1,0.8427651434112682,ok,128
7,dlpfc,sham,FC2,0.5224272575386442,ok,128
7,dlpfc,sham,CP1,0.5645443115524392,ok,128
7,dlpfc,sham,CP2,0.9046685156035545,ok,128
7,dlpfc,sham,FC5,0.718922423608389,ok,128
7,dlpfc,sham,FC6,0.6064802602571994,ok,128
7,dlpfc,sham,CP5,0.643387059716068,ok,128
7,dlpfc,sham,CP6,0.6277261440107044,ok,128
7,dlpfc,sham,TP9,0.6388384960910892,ok,128
7,dlpfc,sham,TP10,0.7735701922353694,ok,128
7,m1,active,Fp1,0.73589235842882,ok,128
7,m1,active,Fp2,0.6231616953649425,ok,128
7,m1,active,F3,0.6128793552362226,ok,128
7,m1,active,F4,0.5664590096052673,ok,128
7,m1,active,C3,0.7260205263039231,ok,128
7,m1,active,C4,0.5035945871421993,ok,128
7,m1,active,P3,0.5377851518451926,ok,128
7,m1,active,P4,0.6760757741085177,ok,128
7,m1,active,O1,0.49001803264837035,ok,128
7,m1,active,O2,0.6419721672308493,ok,128
7,m1,active,F7,0.8308235095105712,ok,128
7,m1,active,F8,0.6652886319553188,ok,128
7,m1,active,T7,0.7521734970142074,ok,128
7,m1,active,T8,1.205942983917285,ok,128
7,m1,active,P7,0.5766229102518732,ok,128
7,m1,active,P8,0.6069872104481917,ok,128
7,m1,active,Fz,0.5005259321153364,ok,128
7,m1,active,Cz,0.5469481402262666,ok,128
7,m1,active,Pz,0.8770041165565428,ok,128
7,m1,active,Iz,0.6389502317120324,ok,128
7,m1,active,FC1,0.6669760956619742,ok,128
7,m1,active,FC2,0.6558392976110565,ok,128
7,m1,active,CP1,0.6589813718098942,ok,128
7,m1,active,CP2,0.7436173198188755,ok,128
7,m1,active,FC5,0.593972630813119,ok,128
7,m1,active,FC6,0.5831139152243459,ok,128
7,m1,active,CP5,0.5490132870794855,ok,128
7,m1,active,CP6,0.8982861746419711,ok,128
7,m1,active,TP9,0.5764949702431538,ok,128
7,m1,active,TP10,0.5682812024126012,ok,128
7,m1,sham,Fp1,0.6602430222328483,ok,128
7,m1,sham,Fp2,0.6628924342995635,ok,128
7,m1,sham,F3,0.6840214879445178,ok,128
7,m1,sham,F4,0.7989524104157957,ok,128
7,m1,sham,C3,0.8090953630621688,ok,128
7,m1,sham,C4,0.743659712547747,ok,128
7,m1,sham,P3,0.700455677164059,ok,128
7,m1,sham,P4,0.6963780157364281,ok,128
7,m1,sham,O1,0.7215686196555879,ok,128
7,m1,sham,O2,0.5929819943889963,ok,128
7,m1,sham,F7,0.6127641118903882,ok,128
7,m1,sham,F8,0.6367030634952837,ok,128
7,m1,sham,T7,0.6532344873288245,ok,128
7,m1,sham,T8,0.7514833900402108,ok,128
7,m1,sham,P7,0.8620271603691042,ok,128
7,m1,sham,P8,0.5994534534198023,ok,128
7,m1,sham,Fz,0.6602711377565866,ok,128
7,m1,sham,Cz,0.7886849580133638,ok,128
7,m1,sham,Pz,0.7574373592611476,ok,128
7,m1,sham,Iz,0.5789341621986591,ok,128
7,m1,sham,FC1,0.7167553618693263,ok,128
7,m1,sham,FC2,0.552647270907519,ok,128
7,m1,sham,CP1,0.8368627418479307,ok,128
7,m1,sham,CP2,0.6424316416456974,ok,128
7,m1,sham,FC5,0.5998379722157221,ok,128
7,m1,sham,FC6,0.7352311176094534,ok,128
7,m1,sham,CP5,0.8412738768259812,ok,128
7,m1,sham,CP6,0.6721402298120762,ok,128
7,m1,sham,TP9,0.7469439690937275,ok,128
7,m1,sham,TP10,0.7592843682706469,ok,128
7,ppc,active,Fp1,0.717478133806242,ok,128
7,ppc,active,Fp2,0.7585296861092214,ok,128
7,ppc,active,F3,0.6598667880655923,ok,128
7,ppc,active,F4,0.7355487436579449,ok,128
7,ppc,active,C3,0.576476422030586,ok,128
7,ppc,active,C4,0.5712083007669755,ok,128
7,ppc,active,P3,0.6113565996567573,ok,128
7,ppc,active,P4,0.6456509941192035,ok,128
7,ppc,active,O1,0.5972171165109788,ok,128
7,ppc,active,O2,0.6414049046427645,ok,128
7,ppc,active,F7,0.7258414962860505,ok,128
7,ppc,active,F8,0.5302695008082943,ok,128
7,ppc,active,T7,0.5628833719301969,ok,128
7,ppc,active,T8,0.6661100452161018,ok,128
7,ppc,active,P7,0.5799714117456259,ok,128
7,ppc,active,P8,0.676741985918909,ok,128
7,ppc,active,Fz,0.5590954109483953,ok,128
7,ppc,active,Cz,0.5350473015638394,ok,128
7,ppc,active,Pz,0.7021553540401135,ok,128
7,ppc,active,Iz,0.642405446073254,ok,128
7,ppc,active,FC1,0.5806948831506165,ok,128
7,ppc,active,FC2,0.6531559841635871,ok,128
7,ppc,active,CP1,0.5683754393841063,ok,128
7,ppc,active,CP2,0.5369607725640456,ok,128
7,ppc,active,FC5,0.6338881578954788,ok,128
7,ppc,active,FC6,0.6203644243724912,ok,128
7,ppc,active,CP5,0.621364948075952,ok,128
7,ppc,active,CP6,0.704095323913978,ok,128
7,ppc,active,TP9,0.7448115378807108,ok,128
7,ppc,active,TP10,0.6091213479384404,ok,128
7,ppc,sham,Fp1,0.7922946022513713,ok,128
7,ppc,sham,Fp2,0.7020747201540355,ok,128
7,ppc,sham,F3,0.7053622902249957,ok,128
7,ppc,sham,F4,0.7962500170741414,ok,128
7,ppc,sham,C3,0.6703530963291194,ok,128
7,ppc,sham,C4,0.6779492059113745,ok,128
7,ppc,sham,P3,0.5689789948968109,ok,128
7,ppc,sham,P4,0.48076770097662097,ok,128
7,ppc,sham,O1,0.6857406447273073,ok,128
7,ppc,sham,O2,0.5820743383301608,ok,128
7,ppc,sham,F7,0.5815833569130253,ok,128
7,ppc,sham,F8,0.7571050544421246,ok,128
7,ppc,sham,T7,0.637071261003022,ok,128
7,ppc,sham,T8,0.6861020362272193,ok,128
7,ppc,sham,P7,0.7454888726240407,ok,128
7,ppc,sham,P8,0.5796260808100198,ok,128
7,ppc,sham,Fz,0.6606595198439031,ok,128
7,ppc,sham,Cz,0.6379070312337864,ok,128
7,ppc,sham,Pz,0.4861936169365997,ok,128
7,ppc,sham,Iz,0.8258441606445096,ok,128
7,ppc,sham,FC1,0.7295113316675604,ok,128
7,ppc,sham,FC2,0.6624370340293764,ok,128
7,ppc,sham,CP1,0.6667183219674027,ok,128
7,ppc,sham,CP2,0.6567034375578216,ok,128
7,ppc,sham,FC5,0.6163563607341768,ok,128
7,ppc,sham,FC6,0.6706995767575922,ok,128
7,ppc,sham,CP5,0.7378999736700211,ok,128
7,ppc,sham,CP6,0.6407936415513458,ok,128
7,ppc,sham,TP9,0.7245957061409192,ok,128
7,ppc,sham,TP10,0.622210003105713,ok,128
8,dlpfc,active,Fp1,0.6051169309344084,ok,128
8,dlpfc,active,Fp2,0.40148305337504747,ok,128
8,dlpfc,active,F3,0.42983082841494546,ok,128
8,dlpfc,active,F4,0.5729449005624776,ok,128
8,dlpfc,active,C3,0.7246251106127101,ok,128
8,dlpfc,active,C4,0.7072510087260397,ok,128
8,dlpfc,active,P3,0.5994433615986082,ok,128
8,dlpfc,active,P4,0.6284043570282047,ok,128
8,dlpfc,active,O1,0.6072221911757428,ok,128
8,dlpfc,active,O2,0.6937898590727214,ok,128
8,dlpfc,active,F7,0.6350011038805532,ok,128
8,dlpfc,active,F8,0.6776977633589072,ok,128
8,dlpfc,active,T7,0.7070407974488903,ok,128
8,dlpfc,active,T8,0.636555973563321,ok,128
8,dlpfc,active,P7,0.5573491414751033,ok,128
8,dlpfc,active,P8,0.899607211459215,ok,128
8,dlpfc,active,Fz,0.5246560126974026,ok,128
8,dlpfc,active,Cz,0.5735137236100464,ok,128
8,dlpfc,active,Pz,0.6750929606197205,ok,128
8,dlpfc,active,Iz,0.6391704575470756,ok,128
8,dlpfc,active,FC1,0.676191608220615,ok,128
8,dlpfc,active,FC2,0.5308177031867569,ok,128
8,dlpfc,active,CP1,0.7020314902582487,ok,128
8,dlpfc,active,CP2,0.7562698166923914,ok,128
8,dlpfc,active,FC5,0.685165511359551,ok,128
8,dlpfc,active,FC6,0.48605904458007354,ok,128
8,dlpfc,active,CP5,0.7660105348157494,ok,128
8,dlpfc,active,CP6,0.34564253052148375,ok,128
8,dlpfc,active,TP9,0.5593299135818925,ok,128
8,dlpfc,active,TP10,0.7044597542913631,ok,128
8,dlpfc,sham,Fp1,0.9045611959228261,ok,128
8,dlpfc,sham,Fp2,0.5866360226948109,ok,128
8,dlpfc,sham,F3,0.8969675958155138,ok,128
8,dlpfc,sham,F4,0.3772038452697476,ok,128
8,dlpfc,sham,C3,0.6576143125033774,ok,128
8,dlpfc,sham,C4,0.5351014819407743,ok,128
8,dlpfc,sham,P3,0.7882312941041923,ok,128
8,dlpfc,sham,P4,0.6274447807724658,ok,128
8,dlpfc,sham,O1,0.7938103149559196,ok,128
8,dlpfc,sham,O2,0.48468186915727385,ok,128
8,dlpfc,sham,F7,0.6491415854736117,ok,128
8,dlpfc,sham,F8,0.6487300581497368,ok,128
8,dlpfc,sham,T7,0.6708255653108323,ok,128
8,dlpfc,sham,T8,0.7493290491500434,ok,128
8,dlpfc,sham,P7,0.583503430167256,ok,128
8,dlpfc,sham,P8,0.42964491956161754,ok,128
8,dlpfc,sham,Fz,0.6520340578087502,ok,128
8,dlpfc,sham,Cz,0.7325769993238052,ok,128
8,dlpfc,sham,Pz,0.7714687686291026,ok,128
8,dlpfc,sham,Iz,0.6407152399544643,ok,128
8,dlpfc,sham,FC1,0.8850070335154132,ok,128
8,dlpfc,sham,FC2,0.5704303383596323,ok,128
8,dlpfc,sham,CP1,0.7551355978081491,ok,128
8,dlpfc,sham,CP2,0.5836224006598701,ok,128
8,dlpfc,sham,FC5,0.6560194296369433,ok,128
8,dlpfc,sham,FC6,0.6808626875017495,ok,128
8,dlpfc,sham,CP5,0.7584881403591206,ok,128
8,dlpfc,sham,CP6,0.6418485192444963,ok,128
8,dlpfc,sham,TP9,0.6736591248883329,ok,128
8,dlpfc,sham,TP10,0.6090539537229859,ok,128
8,m1,active,Fp1,0.6407134042185255,ok,128
8,m1,active,Fp2,0.8107746120018219,ok,128
8,m1,active,F3,0.5988733002511407,ok,128
8,m1,active,F4,0.5954250202901374,ok,128
8,m1,active,C3,0.7215274129862747,ok,128
8,m1,active,C4,0.4946018609960655,ok,128
8,m1,active,P3,0.6800982537601552,ok,128
8,m1,active,P4,0.486940581510806,ok,128
8,m1,active,O1,0.6549691816986033,ok,128
8,m1,active,O2,0.5908637091001683,ok,128
8,m1,active,F7,0.7160412968203461,ok,128
8,m1,active,F8,0.8163935267335471,ok,128
8,m1,active,T7,0.5193043809149597,ok,128
8,m1,active,T8,0.746261206509962,ok,128
8,m1,active,P7,0.4302320108416541,ok,128
8,m1,active,P8,0.7678217064295925,ok,128
8,m1,active,Fz,0.46315844299490816,ok,128
8,m1,active,Cz,0.443965540448474,ok,128
8,m1,active,Pz,0.8293843364516839,ok,128
8,m1,active,Iz,0.6530921527114228,ok,128
8,m1,active,FC1,0.7826141755504845,ok,128
8,m1,active,FC2,0.6367070434460445,ok,128
8,m1,active,CP1,0.7318476177544735,ok,128
8,m1,active,CP2,0.5118314148163221,ok,128
8,m1,active,FC5,0.7896805596698864,ok,128
8,m1,active,FC6,0.6538902280459998,ok,128
8,m1,active,CP5,0.6006693593653099,ok,128
8,m1,active,CP6,0.5829077398972432,ok,128
8,m1,active,TP9,0.823623500106881,ok,128
8,m1,active,TP10,0.7665119864561553,ok,128
8,m1,sham,Fp1,0.6770834848746821,ok,128
8,m1,sham,Fp2,0.6570431822509811,ok,128
8,m1,sham,F3,0.6780176954133151,ok,128
8,m1,sham,F4,0.7913118984178449,ok,128
8,m1,sham,C3,0.7510180455948083,ok,128
8,m1,sham,C4,0.597567759154951,ok,128
8,m1,sham,P3,0.7936637465553722,ok,128
8,m1,sham,P4,0.6308594484341203,ok,128
8,m1,sham,O1,0.47665482757668376,ok,128
8,m1,sham,O2,0.5997112756324741,ok,128
8,m1,sham,F7,0.7375430386502051,ok,128
8,m1,sham,F8,0.8641201672282757,ok,128
8,m1,sham,T7,0.551925855067784,ok,128
8,m1,sham,T8,0.874559030834898,ok,128
8,m1,sham,P7,0.5983463793489014,ok,128
8,m1,sham,P8,0.4917828252175869,ok,128
8,m1,sham,Fz,0.6745713796320078,ok,128
8,m1,sham,Cz,0.6910543501511629,ok,128
8,m1,sham,Pz,0.7089611204551489,ok,128
8,m1,sham,Iz,0.5406379185948507,ok,128
8,m1,sham,FC1,0.6703514776937091,ok,128
8,m1,sham,FC2,0.43040955869504355,ok,128
8,m1,sham,CP1,0.62537762308629,ok,128
8,m1,sham,CP2,0.4853557560926325,ok,128
8,m1,sham,FC5,0.667267044505205,ok,128
8,m1,sham,FC6,0.7082510060540764,ok,128
8,m1,sham,CP5,0.5841886639645907,ok,128
8,m1,sham,CP6,0.7759600936796069,ok,128
8,m1,sham,TP9,0.5761213910027574,ok,128
8,m1,sham,TP10,0.3682506383544338,ok,128
8,ppc,active,Fp1,0.6432160286770908,ok,128
8,ppc,active,Fp2,0.603327811682887,ok,128
8,ppc,active,F3,0.8014382559921488,ok,128
8,ppc,active,F4,0.6060080495707033,ok,128
8,ppc,active,C3,0.5757407918681533,ok,128
8,ppc,active,C4,0.6641325818912952,ok,128
8,ppc,active,P3,0.6617760885918307,ok,128
8,ppc,active,P4,0.6999134297333767,ok,128
8,ppc,active,O1,0.517799924156942,ok,128
8,ppc,active,O2,0.7067652447359367,ok,128
8,ppc,active,F7,0.8002354725631791,ok,128
8,ppc,active,F8,0.6946700480179216,ok,128
8,ppc,active,T7,0.7623733361911905,ok,128
8,ppc,active,T8,0.6270398621557014,ok,128
8,ppc,active,P7,0.5085494609474027,ok,128
8,ppc,active,P8,0.6891250603775715,ok,128
8,ppc,active,Fz,0.5730365746382504,ok,128
8,ppc,active,Cz,0.5398243518034455,ok,128
8,ppc,active,Pz,0.570538407606928,ok,128
8,ppc,active,Iz,0.6371794359218248,ok,128
8,ppc,active,FC1,0.5044358115060115,ok,128
8,ppc,active,FC2,0.5139681514071636,ok,128
8,ppc,active,CP1,0.7828621885273628,ok,128
8,ppc,active,CP2,0.6238734421361871,ok,128
8,ppc,active,FC5,0.6603956113922956,ok,128
8,ppc,active,FC6,0.7199440999039863,ok,128
8,ppc,active,CP5,0.5498858031292504,ok,128
8,ppc,active,CP6,0.5126876123381408,ok,128
8,ppc,active,TP9,0.7031287070641937,ok,128
8,ppc,active,TP10,0.8005768861702038,ok,128
8,ppc,sham,Fp1,0.7555173224662648,ok,128
8,ppc,sham,Fp2,0.7024192842940302,ok,128
8,ppc,sham,F3,0.4965357306562784,ok,128
8,ppc,sham,F4,0.6002754489961027,ok,128
8,ppc,sham,C3,0.63585261773981,ok,128
8,ppc,sham,C4,0.6394220414463583,ok,128
8,ppc,sham,P3,0.6847075437564141,ok,128
8,ppc,sham,P4,0.6676422251566723,ok,128
8,ppc,sham,O1,0.7259536353170242,ok,128
8,ppc,sham,O2,0.5434540414450116,ok,128
8,ppc,sham,F7,0.7877465071916278,ok,128
8,ppc,sham,F8,0.5597131345615578,ok,128
8,ppc,sham,T7,0.7630470584981982,ok,128
8,ppc,sham,T8,0.6953414956933969,ok,128
8,ppc,sham,P7,0.5757456454250581,ok,128
8,ppc,sham,P8,0.4794784263654276,ok,128
8,ppc,sham,Fz,0.5549664394843365,ok,128
8,ppc,sham,Cz,0.5340237951384981,ok,128
8,ppc,sham,Pz,0.7289133400923858,ok,128
8,ppc,sham,Iz,0.5900420728533455,ok,128
8,ppc,sham,FC1,0.4972723484763522,ok,128
8,ppc,sham,FC2,0.5290972815640446,ok,128
8,ppc,sham,CP1,0.6744941159143386,ok,128
8,ppc,sham,CP2,0.5879885661561771,ok,128
8,ppc,sham,FC5,0.814448712816714,ok,128
8,ppc,sham,FC6,0.672506355376511,ok,128
8,ppc,sham,CP5,0.5739615835240373,ok,128
8,ppc,sham,CP6,0.6595525462599497,ok,128
8,ppc,sham,TP9,0.6311198731308093,ok,128
8,ppc,sham,TP10,0.5188427954452188,ok,128
9,dlpfc,active,Fp1,0.7487002975784844,ok,128
9,dlpfc,active,Fp2,1.1068818600080657,ok,128
9,dlpfc,active,F3,0.43314551498450204,ok,128
9,dlpfc,active,F4,0.37231882387360427,ok,128
9,dlpfc,active,C3,0.6721057290423731,ok,128
9,dlpfc,active,C4,0.37770493096035773,ok,128
9,dlpfc,active,P3,0.40155511149322426,ok,128
9,dlpfc,active,P4,0.4540422177245213,ok,128
9,dlpfc,active,O1,0.5232163162149372,ok,128
9,dlpfc,active,O2,0.4190824883969813,ok,128
9,dlpfc,active,F7,0.6522611658234985,ok,128
9,dlpfc,active,F8,0.4268112178156407,ok,128
9,dlpfc,active,T7,0.6513672005479051,ok,128
9,dlpfc,active,T8,0.5168545671045015,ok,128
9,dlpfc,active,P7,0.5430385488327858,ok,128
9,dlpfc,active,P8,0.48234880227240756,ok,128
9,dlpfc,active,Fz,0.6631096351768145,ok,128
9,dlpfc,active,Cz,0.7899938406939734,ok,128
9,dlpfc,active,Pz,0.4532186061628939,ok,128
9,dlpfc,active,Iz,0.5045497259938938,ok,128
9,dlpfc,active,FC1,1.0671195878103217,ok,128
9,dlpfc,active,FC2,0.5318349027669032,ok,128
9,dlpfc,active,CP1,1.0302476103889422,ok,128
9,dlpfc,active,CP2,0.8915303554286996,ok,128
9,dlpfc,active,FC5,0.5829820990723232,ok,128
9,dlpfc,active,FC6,0.8910270068728348,ok,128
9,dlpfc,active,CP5,0.36034333814541364,ok,128
9,dlpfc,active,CP6,0.7872874511740621,ok,128
9,dlpfc,active,TP9,0.5381291825533334,ok,128
9,dlpfc,active,TP10,0.6176916113159199,ok,128
9,dlpfc,sham,Fp1,0.7056211070696277,ok,128
9,dlpfc,sham,Fp2,0.6505961042920447,ok,128
9,dlpfc,sham,F3,0.7018115830469231,ok,128
9,dlpfc,sham,F4,0.5734344320063326,ok,128
9,dlpfc,sham,C3,0.5944536621933864,ok,128
9,dlpfc,sham,C4,0.5006185735389932,ok,128
9,dlpfc,sham,P3,0.48766362476114533,ok,128
9,dlpfc,sham,P4,0.6754475152378965,ok,128
9,dlpfc,sham,O1,1.0004735459614087,ok,128
9,dlpfc,sham,O2,0.4422036036324828,ok,128
9,dlpfc,sham,F7,0.6034746929106973,ok,128
9,dlpfc,sham,F8,0.6173972529839052,ok,128
9,dlpfc,sham,T7,0.6818351596675626,ok,128
9,dlpfc,sham,T8,0.6902371555121444,ok,128
9,dlpfc,sham,P7,0.6420165810494611,ok,128
9,dlpfc,sham,P8,0.4688495568811934,ok,128
9,dlpfc,sham,Fz,0.772227760148547,ok,128
9,dlpfc,sham,Cz,0.6658119065022429,ok,128
9,dlpfc,sham,Pz,0.661130633111915,ok,128
9,dlpfc,sham,Iz,0.6469224741954226,ok,128
9,dlpfc,sham,FC1,0.7578290124904243,ok,128
9,dlpfc,sham,FC2,0.6718735002186477,ok,128
9,dlpfc,sham,CP1,0.5618525109995284,ok,128
9,dlpfc,sham,CP2,0.7262953589820896,ok,128
9,dlpfc,sham,FC5,0.593609329409721,ok,128
9,dlpfc,sham,FC6,0.7653135639399221,ok,128
9,dlpfc,sham,CP5,0.4780644147130873,ok,128
9,dlpfc,sham,CP6,0.6419214939183,ok,128
9,dlpfc,sham,TP9,0.46736633820022666,ok,128
9,dlpfc,sham,TP10,0.7660652005572266,ok,128
9,m1,active,Fp1,0.5855406053999757,ok,128
9,m1,active,Fp2,0.7347272778688131,ok,128
9,m1,active,F3,0.6630028533267552,ok,128
9,m1,active,F4,0.8254404845407677,ok,128
9,m1,active,C3,0.599860519687855,ok,128
9,m1,active,C4,0.7522093386146407,ok,128
9,m1,active,P3,0.6441262676955899,ok,128
9,m1,active,P4,0.7164484545198806,ok,128
9,m1,active,O1,0.5524307799481001,ok,128
9,m1,active,O2,0.43138659765894866,ok,128
9,m1,active,F7,0.6749795634375638,ok,128
9,m1,active,F8,0.7262994833886375,ok,128
9,m1,active,T7,0.7017512566312626,ok,128
9,m1,active,T8,0.7273888127010607,ok,128
9,m1,active,P7,0.6592340041177059,ok,128
9,m1,active,P8,0.49870244542357745,ok,128
9,m1,active,Fz,0.6701864660547011,ok,128
9,m1,active,Cz,0.6391102657416218,ok,128
9,m1,active,Pz,0.744186110074635,ok,128
9,m1,active,Iz,0.43404045623839865,ok,128
9,m1,active,FC1,0.7471379522661405,ok,128
9,m1,active,FC2,0.634639172121523,ok,128
9,m1,active,CP1,0.6856172759571328,ok,128
9,m1,active,CP2,0.5620440955226698,ok,128
9,m1,active,FC5,0.833980143756398,ok,128
9,m1,active,FC6,0.7681246431435547,ok,128
9,m1,active,CP5,0.7092389373458513,ok,128
9,m1,active,CP6,0.6957219712131613,ok,128
9,m1,active,TP9,0.6771940701065708,ok,128
9,m1,active,TP10,0.5881404618456446,ok,128
9,m1,sham,Fp1,0.6767303853358615,ok,128
9,m1,sham,Fp2,0.8520166776004683,ok,128
9,m1,sham,F3,0.7173111852249962,ok,128
9,m1,sham,F4,0.7850717317971684,ok,128
9,m1,sham,C3,0.7292298822479801,ok,128
9,m1,sham,C4,0.7156387305887564,ok,128
9,m1,sham,P3,0.7811674165000249,ok,128
9,m1,sham,P4,0.6750787144693928,ok,128
9,m1,sham,O1,0.7599775264620774,ok,128
9,m1,sham,O2,0.6728066047878474,ok,128
9,m1,sham,F7,0.9690270090047413,ok,128
9,m1,sham,F8,0.8082689213493559,ok,128
9,m1,sham,T7,0.7517187855932264,ok,128
9,m1,sham,T8,0.7029873711537722,ok,128
9,m1,sham,P7,0.8684927914232655,ok,128
9,m1,sham,P8,0.6543703405572378,ok,128
9,m1,sham,Fz,0.7643649584779563,ok,128
9,m1,sham,Cz,0.5285874483322938,ok,128
9,m1,sham,Pz,0.6999697924643267,ok,128
9,m1,sham,Iz,0.7561487300044215,ok,128
9,m1,sham,FC1,0.6915717351903777,ok,128
9,m1,sham,FC2,0.6945171210507936,ok,128
9,m1,sham,CP1,0.7045886567202764,ok,128
9,m1,sham,CP2,0.8087068918223567,ok,128
9,m1,sham,FC5,0.4706387945989301,ok,128
9,m1,sham,FC6,0.783600803151604,ok,128
9,m1,sham,CP5,0.6625428271034834,ok,128
9,m1,sham,CP6,0.7763125649333751,ok,128
9,m1,sham,TP9,0.6803844791191167,ok,128
9,m1,sham,TP10,0.7454963183789832,ok,128
9,ppc,active,Fp1,0.7232261960834707,ok,128
9,ppc,active,Fp2,0.6958261750496082,ok,128
9,ppc,active,F3,0.8281281343175654,ok,128
9,ppc,active,F4,0.7895805118955006,ok,128
9,ppc,active,C3,1.0749933172069992,ok,128
9,ppc,active,C4,0.711750579199979,ok,128
9,ppc,active,P3,0.6321130749917117,ok,128
9,ppc,active,P4,0.5925756249193049,ok,128
9,ppc,active,O1,0.714118870277325,ok,128
9,ppc,active,O2,0.6566187932262083,ok,128
9,ppc,active,F7,0.5524621923959122,ok,128
9,ppc,active,F8,0.8521960997288642,ok,128
9,ppc,active,T7,0.6011168950878389,ok,128
9,ppc,active,T8,0.7884004854899742,ok,128
9,ppc,active,P7,0.7637429683055166,ok,128
9,ppc,active,P8,0.8848331310679066,ok,128
9,ppc,active,Fz,0.8052953756815165,ok,128
9,ppc,active,Cz,0.7768643809926926,ok,128
9,ppc,active,Pz,0.6523760701825944,ok,128
9,ppc,active,Iz,0.7243708784203847,ok,128
9,ppc,active,FC1,0.8474449606317582,ok,128
9,ppc,active,FC2,0.7861348098565804,ok,128
9,ppc,active,CP1,0.7181359687711015,ok,128
9,ppc,active,CP2,0.9469550546559901,ok,128
9,ppc,active,FC5,0.45358838923731554,ok,128
9,ppc,active,FC6,0.6171066810780809,ok,128
9,ppc,active,CP5,0.7899125754198197,ok,128
9,ppc,active,CP6,0.9118446486978611,ok,128
9,ppc,active,TP9,0.8675570934127602,ok,128
9,ppc,active,TP10,0.6272365477721026,ok,128
9,ppc,sham,Fp1,0.7272677597598597,ok,128
9,ppc,sham,Fp2,0.7441891648006133,ok,128
9,ppc,sham,F3,0.73918869040152,ok,128
9,ppc,sham,F4,0.700565208292935,ok,128
9,ppc,sham,C3,0.7702198641826656,ok,128
9,ppc,sham,C4,0.7764960574977032,ok,128
9,ppc,sham,P3,0.6127751386717771,ok,128
9,ppc,sham,P4,0.8034031789386858,ok,128
9,ppc,sham,O1,0.7249203782997558,ok,128
9,ppc,sham,O2,0.7338269028871522,ok,128
9,ppc,sham,F7,0.6568711858703915,ok,128
9,ppc,sham,F8,0.8136778940893821,ok,128
9,ppc,sham,T7,0.7223789927857166,ok,128
9,ppc,sham,T8,0.687014415068567,ok,128
9,ppc,sham,P7,0.7267151360131671,ok,128
9,ppc,sham,P8,0.627722185092719,ok,128
9,ppc,sham,Fz,0.8601995791663768,ok,128
9,ppc,sham,Cz,0.5811855690373922,ok,128
9,ppc,sham,Pz,0.7631809321453616,ok,128
9,ppc,sham,Iz,0.7369955019457557,ok,128
9,ppc,sham,FC1,0.6574019885260582,ok,128
9,ppc,sham,FC2,0.5953028850047192,ok,128
9,ppc,sham,CP1,0.7712546426687292,ok,128
9,ppc,sham,CP2,0.7764296682081305,ok,128
9,ppc,sham,FC5,0.6300497327675894,ok,128
9,ppc,sham,FC6,0.6894884714196796,ok,128
9,ppc,sham,CP5,0.7334302000019735,ok,128
9,ppc,sham,CP6,0.5502657069089798,ok,128
9,ppc,sham,TP9,0.6804427280808848,ok,128
9,ppc,sham,TP10,0.5242892885915542,ok,128
10,dlpfc,active,Fp1,1.0419366567462542,ok,128
10,dlpfc,active,Fp2,0.614136537351179,ok,128
10,dlpfc,active,F3,0.8491274572469973,ok,128
10,dlpfc,active,F4,0.4868280835262342,ok,128
10,dlpfc,active,C3,0.7448798671571105,ok,128
10,dlpfc,active,C4,0.7062012288111104,ok,128
10,dlpfc,active,P3,0.5221672024229588,ok,128
10,dlpfc,active,P4,0.7614578287433997,ok,128
10,dlpfc,active,O1,0.5119251852970343,ok,128
10,dlpfc,active,O2,0.3736049292586214,ok,128
10,dlpfc,active,F7,0.8207807689151191,ok,128
10,dlpfc,active,F8,1.2436808517897657,ok,128
10,dlpfc,active,T7,0.7825366133910076,ok,128
10,dlpfc,active,T8,0.8009898413074008,ok,128
10,dlpfc,active,P7,0.8516459497704509,ok,128
10,dlpfc,active,P8,0.6141263323756665,ok,128
10,dlpfc,active,Fz,0.4875585837333939,ok,128
10,dlpfc,active,Cz,0.8834999026233832,ok,128
10,dlpfc,active,Pz,0.7778787782748943,ok,128
10,dlpfc,active,Iz,0.7516980418432553,ok,128
10,dlpfc,active,FC1,1.2370821498208777,ok,128
10,dlpfc,active,FC2,1.1461039862578009,ok,128
10,dlpfc,active,CP1,0.6142497691689185,ok,128
10,dlpfc,active,CP2,0.7497252705341018,ok,128
10,dlpfc,active,FC5,0.7179469050088882,ok,128
10,dlpfc,active,FC6,0.4963485705551913,ok,128
10,dlpfc,active,CP5,0.3236007431421904,ok,128
10,dlpfc,active,CP6,0.6935580979739885,ok,128
10,dlpfc,active,TP9,0.824650823638166,ok,128
10,dlpfc,active,TP10,0.7797839590468074,ok,128
10,dlpfc,sham,Fp1,0.4189005147501738,ok,128
10,dlpfc,sham,Fp2,0.7980905989260301,ok,128
10,dlpfc,sham,F3,0.5504108962030622,ok,128
10,dlpfc,sham,F4,0.7064485137569068,ok,128
10,dlpfc,sham,C3,0.7103260200862168,ok,128
10,dlpfc,sham,C4,0.7495512977407572,ok,128
10,dlpfc,sham,P3,0.6662740045177107,ok,128
10,dlpfc,sham,P4,0.720216660435078,ok,128
10,dlpfc,sham,O1,0.6303813746988766,ok,128
10,dlpfc,sham,O2,0.5557042259739858,ok,128
10,dlpfc,sham,F7,0.7118230672242267,ok,128
10,dlpfc,sham,F8,0.649960936093737,ok,128
10,dlpfc,sham,T7,0.7853174554910529,ok,128
10,dlpfc,sham,T8,0.7556839406305643,ok,128
10,dlpfc,sham,P7,0.7338999109972927,ok,128
10,dlpfc,sham,P8,0.4868451175136098,ok,128
10,dlpfc,sham,Fz,0.6490360627124262,ok,128
10,dlpfc,sham,Cz,0.7447941997414952,ok,128
10,dlpfc,sham,Pz,0.7856398503608749,ok,128
10,dlpfc,sham,Iz,0.7244264513261389,ok,128
10,dlpfc,sham,FC1,0.703308995142178,ok,128
10,dlpfc,sham,FC2,0.4902577166662385,ok,128
10,dlpfc,sham,CP1,0.7484798413546405,ok,128
10,dlpfc,sham,CP2,0.702479273859163,ok,128
10,dlpfc,sham,FC5,0.8014564005158603,ok,128
10,dlpfc,sham,FC6,0.5912039866901316,ok,128
10,dlpfc,sham,CP5,0.7132977923958471,ok,128
10,dlpfc,sham,CP6,0.556818663755826,ok,128
10,dlpfc,sham,TP9,0.8985406994226407,ok,128
10,dlpfc,sham,TP10,0.6652852787513833,ok,128
10,m1,active,Fp1,0.5990853066838351,ok,128
10,m1,active,Fp2,0.671782238446048,ok,128
10,m1,active,F3,0.5660380179941574,ok,128
10,m1,active,F4,0.7150898601889818,ok,128
10,m1,active,C3,0.761018772997433,ok,128
10,m1,active,C4,0.49022293648973153,ok,128
10,m1,active,P3,0.6647716371898926,ok,128
10,m1,active,P4,0.7742261978373544,ok,128
10,m1,active,O1,0.6549309253122588,ok,128
10,m1,active,O2,0.5750699277874323,ok,128
10,m1,active,F7,0.5002790308156055,ok,128
10,m1,active,F8,0.8376366792503153,ok,128
10,m1,active,T7,0.5158679717306824,ok,128
10,m1,active,T8,0.6433339480882254,ok,128
10,m1,active,P7,0.5566005972273401,ok,128
10,m1,active,P8,0.7446576864202153,ok,128
10,m1,active,Fz,0.6019819440336895,ok,128
10,m1,active,Cz,0.5919463743400832,ok,128
10,m1,active,Pz,0.866263987616568,ok,128
10,m1,active,Iz,0.6654508835007487,ok,128
10,m1,active,FC1,0.7478785954491196,ok,128
10,m1,active,FC2,0.6732615064107227,ok,128
10,m1,active,CP1,0.7636258431837243,ok,128
10,m1,active,CP2,0.6796163440725144,ok,128
10,m1,active,FC5,0.7737048443487745,ok,128
10,m1,active,FC6,0.5832555223164002,ok,128
10,m1,active,CP5,0.5518041449068021,ok,128
10,m1,active,CP6,0.724332028269833,ok,128
10,m1,active,TP9,0.5090826973650323,ok,128
10,m1,active,TP10,0.6746936369550739,ok,128
10,m1,sham,Fp1,0.5133540594167162,ok,128
10,m1,sham,Fp2,0.5799285936493711,ok,128
10,m1,sham,F3,0.6266989099795925,ok,128
10,m1,sham,F4,0.8026109939469108,ok,128
10,m1,sham,C3,0.7244033491606645,ok,128
10,m1,sham,C4,0.607881883618467,ok,128
10,m1,sham,P3,0.6603753646361484,ok,128
10,m1,sham,P4,0.7141422430419324,ok,128
10,m1,sham,O1,0.5480936484889839,ok,128
10,m1,sham,O2,0.49246065406600537,ok,128
10,m1,sham,F7,0.4383063554751761,ok,128
10,m1,sham,F8,0.5995655598781194,ok,128
10,m1,sham,T7,0.7103370820308332,ok,128
10,m1,sham,T8,0.8426557027317587,ok,128
10,m1,sham,P7,0.7617873495885454,ok,128
10,m1,sham,P8,0.5210522806509471,ok,128
10,m1,sham,Fz,0.7079896921123858,ok,128
10,m1,sham,Cz,0.5924120838338022,ok,128
10,m1,sham,Pz,0.7352395184408131,ok,128
10,m1,sham,Iz,0.6098481975961125,ok,128
10,m1,sham,FC1,0.6939291925952724,ok,128
10,m1,sham,FC2,0.7442909263515712,ok,128
10,m1,sham,CP1,0.7850737454684591,ok,128
10,m1,sham,CP2,0.7131720384830956,ok,128
10,m1,sham,FC5,0.6348823013747646,ok,128
10,m1,sham,FC6,0.7049963118842926,ok,128
10,m1,sham,CP5,0.5686544737355553,ok,128
10,m1,sham,CP6,0.7014443085556648,ok,128
10,m1,sham,TP9,0.7257916167682464,ok,128
10,m1,sham,TP10,0.7984133035129228,ok,128
10,ppc,active,Fp1,0.6111141587405535,ok,128
10,ppc,active,Fp2,0.6050405959328098,ok,128
10,ppc,active,F3,0.6462860076452693,ok,128
10,ppc,active,F4,0.8145637267575891,ok,128
10,ppc,active,C3,0.6634871927396677,ok,128
10,ppc,active,C4,0.7486404818731809,ok,128
10,ppc,active,P3,0.9371910987843973,ok,128
10,ppc,active,P4,0.7114251570200041,ok,128
10,ppc,active,O1,0.8085736755851369,ok,128
10,ppc,active,O2,0.7865538474839032,ok,128
10,ppc,active,F7,0.5882687043859381,ok,128
10,ppc,active,F8,0.5618813420244084,ok,128
10,ppc,active,T7,0.8203792471373805,ok,128
10,ppc,active,T8,0.7709481763451685,ok,128
10,ppc,active,P7,0.7870720928379005,ok,128
10,ppc,active,P8,0.8325399247130255,ok,128
10,ppc,active,Fz,0.6492545087708851,ok,128
10,ppc,active,Cz,0.670955462643889,ok,128
10,ppc,active,Pz,0.9010009099745855,ok,128
10,ppc,active,Iz,0.6192664939323401,ok,128
10,ppc,active,FC1,0.8545778344235215,ok,128
10,ppc,active,FC2,0.7833605180899292,ok,128
10,ppc,active,CP1,0.720582148202296,ok,128
10,ppc,active,CP2,0.987993734683142,ok,128
10,ppc,active,FC5,0.8111904967881618,ok,128
10,ppc,active,FC6,0.8271845395020166,ok,128
10,ppc,active,CP5,0.6285877129086823,ok,128
10,ppc,active,CP6,0.7228418803423883,ok,128
10,ppc,active,TP9,0.4508006066274332,ok,128
10,ppc,active,TP10,0.8197081279035755,ok,128
10,ppc,sham,Fp1,0.6351816874647246,ok,128
10,ppc,sham,Fp2,0.658768509420221,ok,128
10,ppc,sham,F3,0.8327205314607666,ok,128
10,ppc,sham,F4,0.5829117704276574,ok,128
10,ppc,sham,C3,0.6008684881151403,ok,128
10,ppc,sham,C4,0.5278728672433747,ok,128
10,ppc,sham,P3,0.7122199194882486,ok,128
10,ppc,sham,P4,0.6986049786044485,ok,128
10,ppc,sham,O1,0.6128690045795504,ok,128
10,ppc,sham,O2,0.5469656975094075,ok,128
10,ppc,sham,F7,0.5672922771979432,ok,128
10,ppc,sham,F8,0.769583281976365,ok,128
10,ppc,sham,T7,0.6550157703080417,ok,128
10,ppc,sham,T8,0.4880396678179345,ok,128
10,ppc,sham,P7,0.6283535229498751,ok,128
10,ppc,sham,P8,0.5253229642140091,ok,128
10,ppc,sham,Fz,0.5501011431880445,ok,128
10,ppc,sham,Cz,0.583216557130694,ok,128
10,ppc,sham,Pz,0.7100238179664075,ok,128
10,ppc,sham,Iz,0.6409501262922627,ok,128
10,ppc,sham,FC1,0.622272014689009,ok,128
10,ppc,sham,FC2,0.5058602330331055,ok,128
10,ppc,sham,CP1,0.6654711180639994,ok,128
10,ppc,sham,CP2,0.6759561669529542,ok,128
10,ppc,sham,FC5,0.6535341243240802,ok,128
10,ppc,sham,FC6,0.6881001295722495,ok,128
10,ppc,sham,CP5,0.6278883026532494,ok,128
10,ppc,sham,CP6,0.6884678885637583,ok,128
10,ppc,sham,TP9,0.6720565288772031,ok,128
10,ppc,sham,TP10,0.7648128957924012,ok,128
11,dlpfc,active,Fp1,0.5848231294793168,ok,128
11,dlpfc,active,Fp2,0.5143486080307479,ok,128
11,dlpfc,active,F3,0.4966387048319436,ok,128
11,dlpfc,active,F4,0.41208621160599174,ok,128
11,dlpfc,active,C3,0.5649299604787595,ok,128
11,dlpfc,active,C4,0.43571039854671556,ok,128
11,dlpfc,active,P3,0.6399385525920338,ok,128
11,dlpfc,active,P4,0.6744867395476958,ok,128
11,dlpfc,active,O1,0.6209868546509312,ok,128
11,dlpfc,active,O2,0.6195475647120664,ok,128
11,dlpfc,active,F7,0.6126435289537121,ok,128
11,dlpfc,active,F8,0.8359182485222834,ok,128
11,dlpfc,active,T7,0.9677372876675415,ok,128
11,dlpfc,active,T8,0.676616451756489,ok,128
11,dlpfc,active,P7,0.6719353893911425,ok,128
11,dlpfc,active,P8,0.6405720331738286,ok,128
11,dlpfc,active,Fz,0.8889360800784518,ok,128
11,dlpfc,active,Cz,0.49141858862378945,ok,128
11,dlpfc,active,Pz,0.5977634768463101,ok,128
11,dlpfc,active,Iz,0.6504907914200255,ok,128
11,dlpfc,active,FC1,0.7717922388966864,ok,128
11,dlpfc,active,FC2,0.8514204627192612,ok,128
11,dlpfc,active,CP1,0.6664396601661349,ok,128
11,dlpfc,active,CP2,0.7121383385265708,ok,128
11,dlpfc,active,FC5,0.6772582094501071,ok,128
11,dlpfc,active,FC6,0.5342064148758309,ok,128
11,dlpfc,active,CP5,0.7493425953803955,ok,128
11,dlpfc,active,CP6,0.6268672681648505,ok,128
11,dlpfc,active,TP9,0.6367863420361292,ok,128
11,dlpfc,active,TP10,0.6810029105602108,ok,128
11,dlpfc,sham,Fp1,0.7772170944051864,ok,128
11,dlpfc,sham,Fp2,0.6436236512765925,ok,128
11,dlpfc,sham,F3,0.4729334077032618,ok,128
11,dlpfc,sham,F4,0.47294989542286536,ok,128
11,dlpfc,sham,C3,0.5805922503638721,ok,128
11,dlpfc,sham,C4,0.6704035210962427,ok,128
11,dlpfc,sham,P3,0.8440965043349532,ok,128
11,dlpfc,sham,P4,0.664210459566054,ok,128
11,dlpfc,sham,O1,0.7232925177074025,ok,128
11,dlpfc,sham,O2,0.7600618219096955,ok,128
11,dlpfc,sham,F7,0.6803032140319673,ok,128
11,dlpfc,sham,F8,0.8378914569861186,ok,128
11,dlpfc,sham,T7,0.507819815414155,ok,128
11,dlpfc,sham,T8,0.5119892914563358,ok,128
11,dlpfc,sham,P7,0.7339060159476882,ok,128
11,dlpfc,sham,P8,0.5653133041835209,ok,128
11,dlpfc,sham,Fz,0.674761199865746,ok,128
11,dlpfc,sham,Cz,0.6806379458636349,ok,128
11,dlpfc,sham,Pz,0.9450802425056443,ok,128
11,dlpfc,sham,Iz,0.5771996132571177,ok,128
11,dlpfc,sham,FC1,0.610330323658958,ok,128
11,dlpfc,sham,FC2,0.6805920615384827,ok,128
11,dlpfc,sham,CP1,1.004300865039208,ok,128
11,dlpfc,sham,CP2,0.6539309934587852,ok,128
11,dlpfc,sham,FC5,0.7193890359647063,ok,128
11,dlpfc,sham,FC6,0.48264997943340004,ok,128
11,dlpfc,sham,CP5,0.8011636348997084,ok,128
11,dlpfc,sham,CP6,0.5837707442068945,ok,128
11,dlpfc,sham,TP9,0.7048458091225962,ok,128
11,dlpfc,sham,TP10,0.7247544177971035,ok,128
11,m1,active,Fp1,0.8216353414808549,ok,128
11,m1,active,Fp2,0.7533956240626296,ok,128
11,m1,active,F3,0.7218231731395129,ok,128
11,m1,active,F4,0.8413821616616804,ok,128
11,m1,active,C3,0.7000754025889875,ok,128
11,m1,active,C4,0.6827256887604466,ok,128
11,m1,active,P3,0.6461066285883388,ok,128
11,m1,active,P4,0.7255136173984449,ok,128
11,m1,active,O1,0.7189311413435389,ok,128
11,m1,active,O2,0.8444950403570458,ok,128
11,m1,active,F7,0.37325023128488544,ok,128
11,m1,active,F8,0.6985584296705548,ok,128
11,m1,active,T7,0.6976306412531142,ok,128
11,m1,active,T8,0.45918645364148203,ok,128
11,m1,active,P7,0.7919893727450564,ok,128
11,m1,active,P8,0.7013587945491477,ok,128
11,m1,active,Fz,0.7945542750918481,ok,128
11,m1,active,Cz,0.5873476829774165,ok,128
11,m1,active,Pz,0.6593983245973898,ok,128
11,m1,active,Iz,0.7286177790038207,ok,128
11,m1,active,FC1,0.7439666553329302,ok,128
11,m1,active,FC2,0.8115945155210645,ok,128
11,m1,active,CP1,0.75675173640392,ok,128
11,m1,active,CP2,0.7058544456507916,ok,128
11,m1,active,FC5,0.6658581689543315,ok,128
11,m1,active,FC6,0.8417628063763428,ok,128
11,m1,active,CP5,0.7668936293510922,ok,128
11,m1,active,CP6,0.7157551943981912,ok,128
11,m1,active,TP9,0.744802154144843,ok,128
11,m1,active,TP10,0.520768191977206,ok,128
11,m1,sham,Fp1,0.7212815873746947,ok,128
11,m1,sham,Fp2,0.6023059330196409,ok,128
11,m1,sham,F3,0.5621104716370415,ok,128
11,m1,sham,F4,0.6456340958956047,ok,128
11,m1,sham,C3,0.7110830014806171,ok,128
11,m1,sham,C4,0.5244384792560798,ok,128
11,m1,sham,P3,0.619333910875071,ok,128
11,m1,sham,P4,0.6054453889097057,ok,128
11,m1,sham,O1,0.4843771325918954,ok,128
11,m1,sham,O2,0.5844250699749176,ok,128
11,m1,sham,F7,0.35185363044253115,ok,128
11,m1,sham,F8,0.6191391063892315,ok,128
11,m1,sham,T7,0.6314669614868933,ok,128
11,m1,sham,T8,0.7902312581022147,ok,128
11,m1,sham,P7,0.5226432895853141,ok,128
11,m1,sham,P8,0.4229617405961668,ok,128
11,m1,sham,Fz,0.6651174156333538,ok,128
11,m1,sham,Cz,0.601974213631452,ok,128
11,m1,sham,Pz,0.6796685936143435,ok,128
11,m1,sham,Iz,0.5303553509337777,ok,128
11,m1,sham,FC1,0.6731337140072873,ok,128
11,m1,sham,FC2,0.619360992049112,ok,128
11,m1,sham,CP1,0.6593214100669891,ok,128
11,m1,sham,CP2,0.6617102027908982,ok,128
11,m1,sham,FC5,0.7932720028711508,ok,128
11,m1,sham,FC6,0.6161530325903238,ok,128
11,m1,sham,CP5,0.5277144329285226,ok,128
11,m1,sham,CP6,0.5749787693913583,ok,128
11,m1,sham,TP9,0.6590978321923933,ok,128
11,m1,sham,TP10,0.5042003182075693,ok,128
11,ppc,active,Fp1,0.7460480230509918,ok,128
11,ppc,active,Fp2,0.7491474120028877,ok,128
11,ppc,active,F3,0.7398138406667725,ok,128
11,ppc,active,F4,0.6565867525867572,ok,128
11,ppc,active,C3,0.8113544366187639,ok,128
11,ppc,active,C4,0.6502685511034672,ok,128
11,ppc,active,P3,0.8168988598375914,ok,128
11,ppc,active,P4,0.7050261702836037,ok,128
11,ppc,active,O1,0.7208220707902623,ok,128
11,ppc,active,O2,0.6328740323077363,ok,128
11,ppc,active,F7,0.8047208946517024,ok,128
11,ppc,active,F8,0.7698597173033197,ok,128
11,ppc,active,T7,0.6906888469944142,ok,128
11,ppc,active,T8,0.7622977880180353,ok,128
11,ppc,active,P7,0.8201527759995985,ok,128
11,ppc,active,P8,0.6862276155296094,ok,128
11,ppc,active,Fz,0.6858328149859688,ok,128
11,ppc,active,Cz,0.7097057637277173,ok,128
11,ppc,active,Pz,0.4625791002543147,ok,128
11,ppc,active,Iz,0.6334557703844362,ok,128
11,ppc,active,FC1,0.7124336603733532,ok,128
11,ppc,active,FC2,0.7295023879965055,ok,128
11,ppc,active,CP1,0.7539970191702522,ok,128
11,ppc,active,CP2,0.8469330113385298,ok,128
11,ppc,active,FC5,0.8063717420190448,ok,128
11,ppc,active,FC6,0.7827633557761554,ok,128
11,ppc,active,CP5,0.6880715648046115,ok,128
11,ppc,active,CP6,0.6901645779829658,ok,128
11,ppc,active,TP9,0.7677293074332866,ok,128
11,ppc,active,TP10,0.7306606165108832,ok,128
11,ppc,sham,Fp1,0.7656759731683248,ok,128
11,ppc,sham,Fp2,0.5400216496479372,ok,128
11,ppc,sham,F3,0.7211870573668859,ok,128
11,ppc,sham,F4,0.8782060556175403,ok,128
11,ppc,sham,C3,0.6366624145348475,ok,128
11,ppc,sham,C4,0.5030090989113336,ok,128
11,ppc,sham,P3,0.60390017202845,ok,128
11,ppc,sham,P4,0.4581616749578841,ok,128
11,ppc,sham,O1,0.5914285218797167,ok,128
11,ppc,sham,O2,0.7166709285721078,ok,128
11,ppc,sham,F7,0.6951510274121361,ok,128
11,ppc,sham,F8,0.6750943943966656,ok,128
11,ppc,sham,T7,0.6709287935952883,ok,128
11,ppc,sham,T8,0.7611513225949141,ok,128
11,ppc,sham,P7,0.5890789995788583,ok,128
11,ppc,sham,P8,0.6871897441434127,ok,128
11,ppc,sham,Fz,0.6814381519326814,ok,128
11,ppc,sham,Cz,0.7520110196249622,ok,128
11,ppc,sham,Pz,0.47669016536453546,ok,128
11,ppc,sham,Iz,0.7097340322237801,ok,128
11,ppc,sham,FC1,0.6415234451944107,ok,128
11,ppc,sham,FC2,0.8580499253325562,ok,128
11,ppc,sham,CP1,0.7883336318765475,ok,128
11,ppc,sham,CP2,0.6034472576222056,ok,128
11,ppc,sham,FC5,0.7142987238821921,ok,128
11,ppc,sham,FC6,0.6672919493370277,ok,128
11,ppc,sham,CP5,0.5786753844121716,ok,128
11,ppc,sham,CP6,0.5310075632650453,ok,128
11,ppc,sham,TP9,0.5875484241389819,ok,128
11,ppc,sham,TP10,0.6865225871785278,ok,128
12,dlpfc,active,Fp1,0.6140668235323162,ok,128
12,dlpfc,active,Fp2,0.8832274450168249,ok,128
12,dlpfc,active,F3,0.7805831378551981,ok,128
12,dlpfc,active,F4,0.8880646122471068,ok,128
12,dlpfc,active,C3,0.6932931587152078,ok,128
12,dlpfc,active,C4,0.5316725387175337,ok,128
12,dlpfc,active,P3,0.8265537939553489,ok,128
12,dlpfc,active,P4,0.9116146530990946,ok,128
12,dlpfc,active,O1,0.5822886959025119,ok,128
12,dlpfc,active,O2,0.5212051429010385,ok,128
12,dlpfc,active,F7,0.4864408408888359,ok,128
12,dlpfc,active,F8,0.4855916906184401,ok,128
12,dlpfc,active,T7,0.7438872441030709,ok,128
12,dlpfc,active,T8,0.653711645501206,ok,128
12,dlpfc,active,P7,0.9447479170938543,ok,128
12,dlpfc,active,P8,0.6577925828579718,ok,128
12,dlpfc,active,Fz,0.5232816978856483,ok,128
12,dlpfc,active,Cz,0.7350803141397592,ok,128
12,dlpfc,active,Pz,0.6330318497819026,ok,128
12,dlpfc,active,Iz,0.5454798094646092,ok,128
12,dlpfc,active,FC1,0.8027386337086176,ok,128
12,dlpfc,active,FC2,0.5997200437403769,ok,128
12,dlpfc,active,CP1,0.7899567954871534,ok,128
12,dlpfc,active,CP2,0.9744814635906791,ok,128
12,dlpfc,active,FC5,0.5848444611205125,ok,128
12,dlpfc,active,FC6,0.8882092858198148,ok,128
12,dlpfc,active,CP5,0.8467984765831695,ok,128
12,dlpfc,active,CP6,0.8409744531063204,ok,128
12,dlpfc,active,TP9,0.9239796930685412,ok,128
12,dlpfc,active,TP10,0.6677223439671518,ok,128
12,dlpfc,sham,Fp1,0.8639554232160793,ok,128
12,dlpfc,sham,Fp2,0.49065633312567575,ok,128
12,dlpfc,sham,F3,0.5164208323022262,ok,128
12,dlpfc,sham,F4,0.7033451383755254,ok,128
12,dlpfc,sham,C3,0.5496363443984704,ok,128
12,dlpfc,sham,C4,0.5757692272752055,ok,128
12,dlpfc,sham,P3,1.0712285785872089,ok,128
12,dlpfc,sham,P4,0.6882307030389696,ok,128
12,dlpfc,sham,O1,0.6954742151366786,ok,128
12,dlpfc,sham,O2,0.9335540337489348,ok,128
12,dlpfc,sham,F7,0.4899984791350218,ok,128
12,dlpfc,sham,F8,0.5955435040359436,ok,128
12,dlpfc,sham,T7,0.6384975367757892,ok,128
12,dlpfc,sham,T8,0.5543827755551214,ok,128
12,dlpfc,sham,P7,0.5107224689714863,ok,128
12,dlpfc,sham,P8,0.7035223427306554,ok,128
12,dlpfc,sham,Fz,0.7647686679802509,ok,128
12,dlpfc,sham,Cz,0.6699259113480764,ok,128
12,dlpfc,sham,Pz,0.5259685164386586,ok,128
12,dlpfc,sham,Iz,0.5066432268818969,ok,128
12,dlpfc,sham,FC1,0.9826462001090566,ok,128
12,dlpfc,sham,FC2,0.5763420872540682,ok,128
12,dlpfc,sham,CP1,0.6210963993114161,ok,128
12,dlpfc,sham,CP2,0.6881586029425188,ok,128
12,dlpfc,sham,FC5,0.5038845881428671,ok,128
12,dlpfc,sham,FC6,0.903597273208525,ok,128
12,dlpfc,sham,CP5,0.7590394103697853,ok,128
12,dlpfc,sham,CP6,0.547577847576478,ok,128
12,dlpfc,sham,TP9,0.6927073078148925,ok,128
12,dlpfc,sham,TP10,0.5518388217993446,ok,128
12,m1,active,Fp1,0.645095940414907,ok,128
12,m1,active,Fp2,0.5861588392598897,ok,128
12,m1,active,F3,0.670974565720539,ok,128
12,m1,active,F4,0.6670486616760769,ok,128
12,m1,active,C3,0.5719554458471368,ok,128
12,m1,active,C4,0.47248450208345955,ok,128
12,m1,active,P3,0.6314358660153342,ok,128
12,m1,active,P4,0.886940676861114,ok,128
12,m1,active,O1,0.6790882367123682,ok,128
12,m1,active,O2,0.7351715482027662,ok,128
12,m1,active,F7,0.6209409090410399,ok,128
12,m1,active,F8,0.5736287832473619,ok,128
12,m1,active,T7,0.6075998216063108,ok,128
12,m1,active,T8,0.7509790839831294,ok,128
12,m1,active,P7,0.6519923405144191,ok,128
12,m1,active,P8,0.6870109460524829,ok,128
12,m1,active,Fz,0.6838080081208294,ok,128
12,m1,active,Cz,0.5683206107525782,ok,128
12,m1,active,Pz,0.6765977134398702,ok,128
12,m1,active,Iz,0.5214472727184882,ok,128
12,m1,active,FC1,0.5959371077655858,ok,128
12,m1,active,FC2,0.569937074328327,ok,128
12,m1,active,CP1,0.5639961243430339,ok,128
12,m1,active,CP2,0.595907223797148,ok,128
12,m1,active,FC5,0.5560976818315562,ok,128
12,m1,active,FC6,0.6046811999369053,ok,128
12,m1,active,CP5,0.5189212361949997,ok,128
12,m1,active,CP6,0.5901161422228333,ok,128
12,m1,active,TP9,0.6237720968876191,ok,128
12,m1,active,TP10,0.82028109971496,ok,128
12,m1,sham,Fp1,0.6578656473985153,ok,128
12,m1,sham,Fp2,0.6547280487065901,ok,128
12,m1,sham,F3,0.7311485920398525,ok,128
12,m1,sham,F4,0.6504991996011787,ok,128
12,m1,sham,C3,1.0592235227213833,ok,128
12,m1,sham,C4,0.6407658200981825,ok,128
12,m1,sham,P3,0.5966618991183965,ok,128
12,m1,sham,P4,0.49530307251329175,ok,128
12,m1,sham,O1,0.7825879669668148,ok,128
12,m1,sham,O2,0.6339046630171403,ok,128
12,m1,sham,F7,0.6276659077543361,ok,128
12,m1,sham,F8,0.6275145810025203,ok,128
12,m1,sham,T7,0.7238719688599594,ok,128
12,m1,sham,T8,0.6504012070845075,ok,128
12,m1,sham,P7,0.5942167267659774,ok,128
12,m1,sham,P8,0.6603207588011829,ok,128
12,m1,sham,Fz,0.7168832848261244,ok,128
12,m1,sham,Cz,0.5738630175437698,ok,128
12,m1,sham,Pz,0.6976787948764689,ok,128
12,m1,sham,Iz,0.6459151924991406,ok,128
12,m1,sham,FC1,0.6595440854633924,ok,128
12,m1,sham,FC2,0.613972824793853,ok,128
12,m1,sham,CP1,0.7505728597975092,ok,128
12,m1,sham,CP2,0.6819478818190536,ok,128
12,m1,sham,FC5,0.7521478963267019,ok,128
12,m1,sham,FC6,0.6929449758972456,ok,128
12,m1,sham,CP5,0.6159930309372227,ok,128
12,m1,sham,CP6,0.6207482803244014,ok,128
12,m1,sham,TP9,0.7453384156094195,ok,128
12,m1,sham,TP10,0.711737739719728,ok,128
12,ppc,active,Fp1,0.5719311972186858,ok,128
12,ppc,active,Fp2,0.3663038339757243,ok,128
12,ppc,active,F3,0.729265300084429,ok,128
12,ppc,active,F4,0.8509938228292293,ok,128
12,ppc,active,C3,0.5920306070838366,ok,128
12,ppc,active,C4,0.7494379837584154,ok,128
12,ppc,active,P3,0.5572243640333421,ok,128
12,ppc,active,P4,0.6184992641339495,ok,128
12,ppc,active,O1,0.5701703484632799,ok,128
12,ppc,active,O2,0.5770784419415369,ok,128
12,ppc,active,F7,0.6209105472345647,ok,128
12,ppc,active,F8,0.5078542170083721,ok,128
12,ppc,active,T7,0.6521366151834623,ok,128
12,ppc,active,T8,0.7018047462193947,ok,128
12,ppc,active,P7,0.7026010574602488,ok,128
12,ppc,active,P8,0.5788795350476295,ok,128
12,ppc,active,Fz,0.8107121413683089,ok,128
12,ppc,active,Cz,0.49698652427497225,ok,128
12,ppc,active,Pz,0.5523939940146192,ok,128
12,ppc,active,Iz,0.6035972141347621,ok,128
12,ppc,active,FC1,0.7002752385023409,ok,128
12,ppc,active,FC2,0.5821341081298236,ok,128
12,ppc,active,CP1,0.6027220389921362,ok,128
12,ppc,active,CP2,0.590419605865117,ok,128
12,ppc,active,FC5,0.7310775495738701,ok,128
12,ppc,active,FC6,0.5774629895336816,ok,128
12,ppc,active,CP5,0.6613447874858385,ok,128
12,ppc,active,CP6,0.6038872812497724,ok,128
12,ppc,active,TP9,0.6703131978327734,ok,128
12,ppc,active,TP10,0.6192949560637072,ok,128
12,ppc,sham,Fp1,0.6297588363135364,ok,128
12,ppc,sham,Fp2,0.6689459467166735,ok,128
12,ppc,sham,F3,0.6593429219558778,ok,128
12,ppc,sham,F4,0.5706560186551606,ok,128
12,ppc,sham,C3,0.8891964115990594,ok,128
12,ppc,sham,C4,0.6837119545155536,ok,128
12,ppc,sham,P3,0.7276809653492972,ok,128
12,ppc,sham,P4,0.713923213323788,ok,128
12,ppc,sham,O1,0.7464355335809936,ok,128
12,ppc,sham,O2,0.6367514522424383,ok,128
12,ppc,sham,F7,0.6086516530039645,ok,128
12,ppc,sham,F8,0.5540478392370066,ok,128
12,ppc,sham,T7,0.8788280309745651,ok,128
12,ppc,sham,T8,0.7288769025175648,ok,128
12,ppc,sham,P7,0.563172220896723,ok,128
12,ppc,sham,P8,0.6760277074241938,ok,128
12,ppc,sham,Fz,0.683363084037084,ok,128
12,ppc,sham,Cz,0.6364932970663985,ok,128
12,ppc,sham,Pz,0.6057726689973745,ok,128
12,ppc,sham,Iz,0.7072909336695159,ok,128
12,ppc,sham,FC1,0.7196354832895772,ok,128
12,ppc,sham,FC2,0.5909381329460467,ok,128
12,ppc,sham,CP1,0.6057758256560962,ok,128
12,ppc,sham,CP2,0.7012004602398649,ok,128
12,ppc,sham,FC5,0.3881705054612486,ok,128
12,ppc,sham,FC6,0.7749370631600185,ok,128
12,ppc,sham,CP5,0.7279859809980948,ok,128
12,ppc,sham,CP6,0.661554395476778,ok,128
12,ppc,sham,TP9,0.6237518996686625,ok,128
12,ppc,sham,TP10,0.6898993802421748,ok,128
13,dlpfc,active,Fp1,0.38153130280366665,ok,128
13,dlpfc,active,Fp2,0.5941787233697141,ok,128
13,dlpfc,active,F3,0.6313430815220169,ok,128
13,dlpfc,active,F4,0.7419427182973422,ok,128
13,dlpfc,active,C3,0.9728068723672997,ok,128
13,dlpfc,active,C4,0.7316297646016366,ok,128
13,dlpfc,active,P3,0.6994842536262431,ok,128
13,dlpfc,active,P4,0.9487007297244059,ok,128
13,dlpfc,active,O1,0.8707360115055471,ok,128
13,dlpfc,active,O2,0.6528254711459408,ok,128
13,dlpfc,active,F7,0.8800809696434849,ok,128
13,dlpfc,active,F8,0.6653992185545856,ok,128
13,dlpfc,active,T7,0.9684653211811183,ok,128
13,dlpfc,active,T8,0.7729080301827336,ok,128
13,dlpfc,active,P7,0.8350249578619513,ok,128
13,dlpfc,active,P8,0.661957831697922,ok,128
13,dlpfc,active,Fz,0.5719591787975682,ok,128
13,dlpfc,active,Cz,0.7959124416087813,ok,128
13,dlpfc,active,Pz,0.6344418451625088,ok,128
13,dlpfc,active,Iz,0.9046721015891719,ok,128
13,dlpfc,active,FC1,0.5481254787522681,ok,128
13,dlpfc,active,FC2,0.6525371072967426,ok,128
13,dlpfc,active,CP1,0.42348542563743796,ok,128
13,dlpfc,active,CP2,0.7800887221858773,ok,128
13,dlpfc,active,FC5,0.37601009212109865,ok,128
13,dlpfc,active,FC6,0.6040533408619595,ok,128
13,dlpfc,active,CP5,0.6598633832713474,ok,128
13,dlpfc,active,CP6,0.7143525674161394,ok,128
13,dlpfc,active,TP9,0.6151299302194063,ok,128
13,dlpfc,active,TP10,0.7968644388642458,ok,128
13,dlpfc,sham,Fp1,1.0907543534285058,ok,128
13,dlpfc,sham,Fp2,0.5934344196153328,ok,128
13,dlpfc,sham,F3,0.9188046767771004,ok,128
13,dlpfc,sham,F4,0.7257790367867032,ok,128
13,dlpfc,sham,C3,0.9041686306742889,ok,128
13,dlpfc,sham,C4,0.5993738373615293,ok,128
13,dlpfc,sham,P3,1.0083171777888338,ok,128
13,dlpfc,sham,P4,0.6799202690483884,ok,128
13,dlpfc,sham,O1,1.003723843092121,ok,128
13,dlpfc,sham,O2,0.8024264927667948,ok,128
13,dlpfc,sham,F7,0.7840953188510401,ok,128
13,dlpfc,sham,F8,0.4806818778300254,ok,128
13,dlpfc,sham,T7,1.1413090074005945,ok,128
13,dlpfc,sham,T8,0.7192295262176714,ok,128
13,dlpfc,sham,P7,1.106376793096358,ok,128
13,dlpfc,sham,P8,0.5295445812714358,ok,128
13,dlpfc,sham,Fz,0.5116246544899388,ok,128
13,dlpfc,sham,Cz,0.4786210470560593,ok,128
13,dlpfc,sham,Pz,0.6624243817095617,ok,128
13,dlpfc,sham,Iz,0.9899536572068268,ok,128
13,dlpfc,sham,FC1,0.6260436779282259,ok,128
13,dlpfc,sham,FC2,0.7276259624877375,ok,128
13,dlpfc,sham,CP1,0.8134529012740179,ok,128
13,dlpfc,sham,CP2,0.636405781775026,ok,128
13,dlpfc,sham,FC5,0.6626247901258613,ok,128
13,dlpfc,sham,FC6,0.6541078275670001,ok,128
13,dlpfc,sham,CP5,0.9263156688713506,ok,128
13,dlpfc,sham,CP6,0.5036620534977134,ok,128
13,dlpfc,sham,TP9,0.6322071200426824,ok,128
13,dlpfc,sham,TP10,0.5191670859681616,ok,128
13,m1,active,Fp1,0.543511700000753,ok,128
13,m1,active,Fp2,0.40935407822251646,ok,128
13,m1,active,F3,0.5364432961711714,ok,128
13,m1,active,F4,0.5230421281281583,ok,128
13,m1,active,C3,0.3620139021892173,ok,128
13,m1,active,C4,0.7220262527247283,ok,128
13,m1,active,P3,0.523543421784449,ok,128
13,m1,active,P4,0.6808889180232577,ok,128
13,m1,active,O1,0.41669712548355176,ok,128
13,m1,active,O2,0.44620715117350906,ok,128
13,m1,active,F7,0.6366595317471798,ok,128
13,m1,active,F8,0.5716734031354479,ok,128
13,m1,active,T7,1.0487508099472813,ok,128
13,m1,active,T8,0.6893503960598564,ok,128
13,m1,active,P7,0.5419526293454302,ok,128
13,m1,active,P8,0.5641564545092452,ok,128
13,m1,active,Fz,0.5920880938344203,ok,128
13,m1,active,Cz,0.6419996368297558,ok,128
13,m1,active,Pz,0.6252009161817204,ok,128
13,m1,active,Iz,0.45410687176929193,ok,128
13,m1,active,FC1,0.6223176237673399,ok,128
13,m1,active,FC2,0.4287830845493106,ok,128
13,m1,active,CP1,0.5450628944796819,ok,128
13,m1,active,CP2,0.687995633343019,ok,128
13,m1,active,FC5,0.531829028573475,ok,128
13,m1,active,FC6,0.40894455845203403,ok,128
13,m1,active,CP5,0.4987752284160273,ok,128
13,m1,active,CP6,0.656918745218861,ok,128
13,m1,active,TP9,0.48079170407783844,ok,128
13,m1,active,TP10,0.5532399558008996,ok,128
13,m1,sham,Fp1,0.7110251059953127,ok,128
13,m1,sham,Fp2,0.6372406346377094,ok,128
13,m1,sham,F3,0.48533134025595875,ok,128
13,m1,sham,F4,0.4418731270150098,ok,128
13,m1,sham,C3,0.698183860497395,ok,128
13,m1,sham,C4,0.5608217133992746,ok,128
13,m1,sham,P3,0.6198147618972114,ok,128
13,m1,sham,P4,0.5480998755107956,ok,128
13,m1,sham,O1,0.5219263106466635,ok,128
13,m1,sham,O2,0.6821118414858782,ok,128
13,m1,sham,F7,0.5898868756593251,ok,128
13,m1,sham,F8,0.5452829577549401,ok,128
13,m1,sham,T7,0.43478586251414336,ok,128
13,m1,sham,T8,0.6451315995949275,ok,128
13,m1,sham,P7,0.38076551637145917,ok,128
13,m1,sham,P8,0.6965120819113414,ok,128
13,m1,sham,Fz,0.5042653141725671,ok,128
13,m1,sham,Cz,0.6903609367790247,ok,128
13,m1,sham,Pz,0.7355661848739458,ok,128
13,m1,sham,Iz,0.58573657360127,ok,128
13,m1,sham,FC1,0.6068282597555129,ok,128
13,m1,sham,FC2,0.5953583066305714,ok,128
13,m1,sham,CP1,0.6267701532795508,ok,128
13,m1,sham,CP2,0.6029676794526286,ok,128
13,m1,sham,FC5,0.8483557400785126,ok,128
13,m1,sham,FC6,0.4512825902550278,ok,128
13,m1,sham,CP5,0.5807054360541684,ok,128
13,m1,sham,CP6,0.7457492074840915,ok,128
13,m1,sham,TP9,0.7291548147594583,ok,128
13,m1,sham,TP10,0.7438924431212842,ok,128
13,ppc,active,Fp1,0.6130181434471169,ok,128
13,ppc,active,Fp2,0.5242557283358144,ok,128
13,ppc,active,F3,0.6476282036222888,ok,128
13,ppc,active,F4,0.5429539182494674,ok,128
13,ppc,active,C3,0.7015813877068485,ok,128
13,ppc,active,C4,0.5728075525072953,ok,128
13,ppc,active,P3,0.665511278959496,ok,128
13,ppc,active,P4,0.5667603577873772,ok,128
13,ppc,active,O1,0.6578748648993953,ok,128
13,ppc,active,O2,0.6104601442145955,ok,128
13,ppc,active,F7,0.5166869836814018,ok,128
13,ppc,active,F8,0.5764012214703044,ok,128
13,ppc,active,T7,0.6481264134804345,ok,128
13,ppc,active,T8,0.5869511990009499,ok,128
13,ppc,active,P7,0.5604988006995453,ok,128
13,ppc,active,P8,0.5388360693677472,ok,128
13,ppc,active,Fz,0.5874739053814014,ok,128
13,ppc,active,Cz,0.3886267234770133,ok,128
13,ppc,active,Pz,0.6159114858737448,ok,128
13,ppc,active,Iz,0.5295636209139513,ok,128
13,ppc,active,FC1,0.6682177287262375,ok,128
13,ppc,active,FC2,0.5083213915895348,ok,128
13,ppc,active,CP1,0.6675850820690863,ok,128
13,ppc,active,CP2,0.7382256254804376,ok,128
13,ppc,active,FC5,0.5602743672415776,ok,128
13,ppc,active,FC6,0.6335714388327833,ok,128
13,ppc,active,CP5,0.5390571296629724,ok,128
13,ppc,active,CP6,0.6252214809168426,ok,128
13,ppc,active,TP9,0.6953855510306812,ok,128
13,ppc,active,TP10,0.5515787996650411,ok,128
13,ppc,sham,Fp1,0.6494577694759233,ok,128
13,ppc,sham,Fp2,0.6582646435047954,ok,128
13,ppc,sham,F3,0.6667032134060291,ok,128
13,ppc,sham,F4,0.7973732344084834,ok,128
13,ppc,sham,C3,0.6278872461534344,ok,128
13,ppc,sham,C4,0.5574573409380941,ok,128
13,ppc,sham,P3,0.699494616026416,ok,128
13,ppc,sham,P4,0.591549776054855,ok,128
13,ppc,sham,O1,0.5653949055753381,ok,128
13,ppc,sham,O2,0.6364321604096633,ok,128
13,ppc,sham,F7,0.6470086409931807,ok,128
13,ppc,sham,F8,0.5623249813021319,ok,128
13,ppc,sham,T7,0.6799704852972582,ok,128
13,ppc,sham,T8,0.6686377287839713,ok,128
13,ppc,sham,P7,0.5447945219535,ok,128
13,ppc,sham,P8,0.4948967292876596,ok,128
13,ppc,sham,Fz,0.6600267099383391,ok,128
13,ppc,sham,Cz,0.48797184402078875,ok,128
13,ppc,sham,Pz,0.5986295826682199,ok,128
13,ppc,sham,Iz,0.578973054990838,ok,128
13,ppc,sham,FC1,0.6231125556287557,ok,128
13,ppc,sham,FC2,0.532627229697106,ok,128
13,ppc,sham,CP1,0.6412965675279185,ok,128
13,ppc,sham,CP2,0.8024132035010121,ok,128
13,ppc,sham,FC5,0.6461285908500818,ok,128
13,ppc,sham,FC6,0.6256638538649896,ok,128
13,ppc,sham,CP5,0.5594544558510401,ok,128
13,ppc,sham,CP6,0.5417842874082065,ok,128
13,ppc,sham,TP9,0.6564361089112997,ok,128
13,ppc,sham,TP10,0.502774000281625,ok,128
14,dlpfc,active,Fp1,0.4572267050631111,ok,128
14,dlpfc,active,Fp2,0.8918096405033342,ok,128
14,dlpfc,active,F3,0.9690394058122543,ok,128
14,dlpfc,active,F4,0.5864047154543398,ok,128
14,dlpfc,active,C3,0.5175157317669231,ok,128
14,dlpfc,active,C4,0.5136518584680918,ok,128
14,dlpfc,active,P3,0.8385520146550319,ok,128
14,dlpfc,active,P4,0.8335011456888964,ok,128
14,dlpfc,active,O1,0.5627775653212708,ok,128
14,dlpfc,active,O2,0.476029322054685,ok,128
14,dlpfc,active,F7,0.5466298116004243,ok,128
14,dlpfc,active,F8,0.5019096025550759,ok,128
14,dlpfc,active,T7,0.6185347996494551,ok,128
14,dlpfc,active,T8,0.38896593527327344,ok,128
14,dlpfc,active,P7,0.5527200152751722,ok,128
14,dlpfc,active,P8,0.5270731081708696,ok,128
14,dlpfc,active,Fz,0.6261010226363378,ok,128
14,dlpfc,active,Cz,0.787159020596218,ok,128
14,dlpfc,active,Pz,0.7021973297166187,ok,128
14,dlpfc,active,Iz,0.4534693241641687,ok,128
14,dlpfc,active,FC1,0.5215565271598784,ok,128
14,dlpfc,active,FC2,0.6649250160146,ok,128
14,dlpfc,active,CP1,0.441813851444023,ok,128
14,dlpfc,active,CP2,0.6236691517059773,ok,128
14,dlpfc,active,FC5,0.6573467098793084,ok,128
14,dlpfc,active,FC6,0.5247738177289393,ok,128
14,dlpfc,active,CP5,0.9053470258875106,ok,128
14,dlpfc,active,CP6,0.8652785261024095,ok,128
14,dlpfc,active,TP9,0.9452745525636793,ok,128
14,dlpfc,active,TP10,0.8319169130455789,ok,128
14,dlpfc,sham,Fp1,0.7740991528735838,ok,128
14,dlpfc,sham,Fp2,0.7640545228484551,ok,128
14,dlpfc,sham,F3,0.7493252251316973,ok,128
14,dlpfc,sham,F4,0.5482093805431036,ok,128
14,dlpfc,sham,C3,0.6025547998107487,ok,128
14,dlpfc,sham,C4,0.8609378653682926,ok,128
14,dlpfc,sham,P3,0.7633618268637247,ok,128
14,dlpfc,sham,P4,0.8895648022102123,ok,128
14,dlpfc,sham,O1,0.705459621878903,ok,128
14,dlpfc,sham,O2,0.7404470033249517,ok,128
14,dlpfc,sham,F7,0.5622767376823352,ok,128
14,dlpfc,sham,F8,0.8090184503049449,ok,128
14,dlpfc,sham,T7,0.8679198950038519,ok,128
14,dlpfc,sham,T8,0.6624270087195839,ok,128
14,dlpfc,sham,P7,0.6335422473110077,ok,128
14,dlpfc,sham,P8,0.5987875592208437,ok,128
14,dlpfc,sham,Fz,0.5507106270661323,ok,128
14,dlpfc,sham,Cz,0.6589973456332585,ok,128
14,dlpfc,sham,Pz,0.8572488067859891,ok,128
14,dlpfc,sham,Iz,0.5533845228146574,ok,128
14,dlpfc,sham,FC1,0.531447160637792,ok,128
14,dlpfc,sham,FC2,0.9044692003343525,ok,128
14,dlpfc,sham,CP1,0.8040203670017027,ok,128
14,dlpfc,sham,CP2,0.6512584567597528,ok,128
14,dlpfc,sham,FC5,0.633407530096184,ok,128
14,dlpfc,sham,FC6,0.7302173178344203,ok,128
14,dlpfc,sham,CP5,0.8570960849216469,ok,128
14,dlpfc,sham,CP6,0.9384319238379336,ok,128
14,dlpfc,sham,TP9,0.8173702474132915,ok,128
14,dlpfc,sham,TP10,0.8788703445085058,ok,128
14,m1,active,Fp1,0.6482236985273151,ok,128
14,m1,active,Fp2,0.6755826081633243,ok,128
14,m1,active,F3,0.571281535929201,ok,128
14,m1,active,F4,0.6942829052854964,ok,128
14,m1,active,C3,0.708750311796527,ok,128
14,m1,active,C4,1.0169659871758328,ok,128
14,m1,active,P3,0.6529885268277865,ok,128
14,m1,active,P4,0.5219972246913213,ok,128
14,m1,active,O1,0.4577394579412411,ok,128
14,m1,active,O2,0.7261062659725858,ok,128
14,m1,active,F7,0.509820543890044,ok,128
14,m1,active,F8,0.7004814592895325,ok,128
14,m1,active,T7,0.6698155982949686,ok,128
14,m1,active,T8,0.5346461028711367,ok,128
14,m1,active,P7,0.6591187163369654,ok,128
14,m1,active,P8,0.5411717822345948,ok,128
14,m1,active,Fz,0.629659539030823,ok,128
14,m1,active,Cz,0.644623058185359,ok,128
14,m1,active,Pz,0.5469238938605837,ok,128
14,m1,active,Iz,0.6397674380391798,ok,128
14,m1,active,FC1,0.5925785333462196,ok,128
14,m1,active,FC2,0.7835402848329467,ok,128
14,m1,active,CP1,0.6763030643982393,ok,128
14,m1,active,CP2,0.4888182447410256,ok,128
14,m1,active,FC5,0.5502707087223669,ok,128
14,m1,active,FC6,0.6961798466791951,ok,128
14,m1,active,CP5,0.6968841174347536,ok,128
14,m1,active,CP6,0.6678763637059076,ok,128
14,m1,active,TP9,0.5988776213615844,ok,128
14,m1,active,TP10,0.6202412634963782,ok,128
14,m1,sham,Fp1,0.6860176479547048,ok,128
14,m1,sham,Fp2,0.7146795003806155,ok,128
14,m1,sham,F3,0.7151041825025645,ok,128
14,m1,sham,F4,0.7146577566687969,ok,128
14,m1,sham,C3,0.5969907475560283,ok,128
14,m1,sham,C4,0.6150233176255324,ok,128
14,m1,sham,P3,0.6857887155221449,ok,128
14,m1,sham,P4,0.6795139449162964,ok,128
14,m1,sham,O1,0.7245974175559642,ok,128
14,m1,sham,O2,0.6544480626305197,ok,128
14,m1,sham,F7,0.7461766701165217,ok,128
14,m1,sham,F8,0.8241369025403589,ok,128
14,m1,sham,T7,0.8211090021879759,ok,128
14,m1,sham,T8,0.7408754156626401,ok,128
14,m1,sham,P7,0.800871186727245,ok,128
14,m1,sham,P8,0.649159029205579,ok,128
14,m1,sham,Fz,0.78408930902683,ok,128
14,m1,sham,Cz,0.7206458907138616,ok,128
14,m1,sham,Pz,0.7698429404510352,ok,128
14,m1,sham,Iz,0.6933255372191405,ok,128
14,m1,sham,FC1,0.6477609967835677,ok,128
14,m1,sham,FC2,0.6732639633407036,ok,128
14,m1,sham,CP1,0.6874070975154206,ok,128
14,m1,sham,CP2,0.6229954924443526,ok,128
14,m1,sham,FC5,0.6600658994070576,ok,128
14,m1,sham,FC6,0.8166336529837074,ok,128
14,m1,sham,CP5,0.6823167337141293,ok,128
14,m1,sham,CP6,0.6943480088684152,ok,128
14,m1,sham,TP9,0.7870926451830469,ok,128
14,m1,sham,TP10,0.6372777378784722,ok,128
14,ppc,active,Fp1,0.7433740197645743,ok,128
14,ppc,active,Fp2,0.8246184718476577,ok,128
14,ppc,active,F3,0.7144760045677532,ok,128
14,ppc,active,F4,0.7858470925558101,ok,128
14,ppc,active,C3,0.6463583100790437,ok,128
14,ppc,active,C4,0.6841588298911806,ok,128
14,ppc,active,P3,0.6177070459687659,ok,128
14,ppc,active,P4,0.783788143606302,ok,128
14,ppc,active,O1,0.7212216782465279,ok,128
14,ppc,active,O2,0.8244016865601631,ok,128
14,ppc,active,F7,0.8083044531861908,ok,128
14,ppc,active,F8,0.7390011593198806,ok,128
14,ppc,active,T7,0.7467314651655106,ok,128
14,ppc,active,T8,0.8020769314995222,ok,128
14,ppc,active,P7,0.7455025597885988,ok,128
14,ppc,active,P8,0.4662322850716195,ok,128
14,ppc,active,Fz,0.7355499810846914,ok,128
14,ppc,active,Cz,0.6314741583056331,ok,128
14,ppc,active,Pz,0.6641746140733115,ok,128
14,ppc,active,Iz,0.7458128638778005,ok,128
14,ppc,active,FC1,0.6438281382303533,ok,128
14,ppc,active,FC2,0.692579212375131,ok,128
14,ppc,active,CP1,0.6223532484487394,ok,128
14,ppc,active,CP2,0.6927511876087509,ok,128
14,ppc,active,FC5,0.6843076091807987,ok,128
14,ppc,active,FC6,0.897101210223253,ok,128
14,ppc,active,CP5,0.7067023427097965,ok,128
14,ppc,active,CP6,0.7413114385621464,ok,128
14,ppc,active,TP9,0.7950203174400025,ok,128
14,ppc,active,TP10,0.7902804765994187,ok,128
14,ppc,sham,Fp1,0.6964719097717296,ok,128
14,ppc,sham,Fp2,0.7095613119974914,ok,128
14,ppc,sham,F3,0.904168214370317,ok,128
14,ppc,sham,F4,0.7429765461977986,ok,128
14,ppc,sham,C3,0.6888212619639962,ok,128
14,ppc,sham,C4,0.7794501829967534,ok,128
14,ppc,sham,P3,0.7174935784409875,ok,128
14,ppc,sham,P4,0.6473880162665828,ok,128
14,ppc,sham,O1,0.7789061033371883,ok,128
14,ppc,sham,O2,0.7101372460660654,ok,128
14,ppc,sham,F7,0.8039598036113395,ok,128
14,ppc,sham,F8,0.6157734060273912,ok,128
14,ppc,sham,T7,0.5269145177493347,ok,128
14,ppc,sham,T8,0.7052725987205629,ok,128
14,ppc,sham,P7,0.8292312567605291,ok,128
14,ppc,sham,P8,0.7753139150007293,ok,128
14,ppc,sham,Fz,0.727992973860103,ok,128
14,ppc,sham,Cz,0.6670259794012775,ok,128
14,ppc,sham,Pz,0.6939461488705512,ok,128
14,ppc,sham,Iz,0.737295387144833,ok,128
14,ppc,sham,FC1,0.8737189257547375,ok,128
14,ppc,sham,FC2,0.8157530515995,ok,128
14,ppc,sham,CP1,0.7036073235382415,ok,128
14,ppc,sham,CP2,0.6719488096456528,ok,128
14,ppc,sham,FC5,0.7097598541181308,ok,128
14,ppc,sham,FC6,0.7593277611830084,ok,128
14,ppc,sham,CP5,0.7474488173840987,ok,128
14,ppc,sham,CP6,0.7570256053033657,ok,128
14,ppc,sham,TP9,0.8483272196045485,ok,128
14,ppc,sham,TP10,0.7853516831558631,ok,128
15,dlpfc,active,Fp1,1.0434466926428245,ok,128
15,dlpfc,active,Fp2,0.7107455815079392,ok,128
15,dlpfc,active,F3,0.6971445540500165,ok,128
15,dlpfc,active,F4,0.543860010237731,ok,128
15,dlpfc,active,C3,0.5786164013325614,ok,128
15,dlpfc,active,C4,0.6124557261240958,ok,128
15,dlpfc,active,P3,0.8650918939311785,ok,128
15,dlpfc,active,P4,0.7091313360739646,ok,128
15,dlpfc,active,O1,0.6828090017769194,ok,128
15,dlpfc,active,O2,0.7434150684352865,ok,128
15,dlpfc,active,F7,0.9340052867962635,ok,128
15,dlpfc,active,F8,0.6156768269454328,ok,128
15,dlpfc,active,T7,0.8127194959305423,ok,128
15,dlpfc,active,T8,1.106234069348474,ok,128
15,dlpfc,active,P7,0.7959409939183906,ok,128
15,dlpfc,active,P8,0.6516999821139712,ok,128
15,dlpfc,active,Fz,0.5934729430340687,ok,128
15,dlpfc,active,Cz,0.9554310292615512,ok,128
15,dlpfc,active,Pz,0.6872333874967052,ok,128
15,dlpfc,active,Iz,0.8534960056213462,ok,128
15,dlpfc,active,FC1,0.7009106340978212,ok,128
15,dlpfc,active,FC2,0.6428859593773871,ok,128
15,dlpfc,active,CP1,0.9160299122476305,ok,128
15,dlpfc,active,CP2,0.681374622492203,ok,128
15,dlpfc,active,FC5,1.002001374317729,ok,128
15,dlpfc,active,FC6,0.4394350701320948,ok,128
15,dlpfc,active,CP5,0.6227614859485952,ok,128
15,dlpfc,active,CP6,0.6397563433911445,ok,128
15,dlpfc,active,TP9,0.7669960276659759,ok,128
15,dlpfc,active,TP10,0.9162691316302815,ok,128
15,dlpfc,sham,Fp1,1.1315029345165823,ok,128
15,dlpfc,sham,Fp2,0.7903510654051564,ok,128
15,dlpfc,sham,F3,0.5689958699139502,ok,128
15,dlpfc,sham,F4,0.7522165723762555,ok,128
15,dlpfc,sham,C3,0.488120433894176,ok,128
15,dlpfc,sham,C4,0.8401134177646138,ok,128
15,dlpfc,sham,P3,0.7686107268189303,ok,128
15,dlpfc,sham,P4,0.7336248425068408,ok,128
15,dlpfc,sham,O1,1.3866732245020499,ok,128
15,dlpfc,sham,O2,0.8622304037792177,ok,128
15,dlpfc,sham,F7,0.7053656812174157,ok,128
15,dlpfc,sham,F8,0.6262879941230575,ok,128
15,dlpfc,sham,T7,0.7273199798941998,ok,128
15,dlpfc,sham,T8,0.5343851175893637,ok,128
15,dlpfc,sham,P7,0.776204896950743,ok,128
15,dlpfc,sham,P8,0.7149957185027165,ok,128
15,dlpfc,sham,Fz,0.8589950012048712,ok,128
15,dlpfc,sham,Cz,0.559574757304365,ok,128
15,dlpfc,sham,Pz,0.4784261462808196,ok,128
15,dlpfc,sham,Iz,0.7784392521657522,ok,128
15,dlpfc,sham,FC1,0.6755954805861196,ok,128
15,dlpfc,sham,FC2,1.2190095724022862,ok,128
15,dlpfc,sham,CP1,0.9731005990714165,ok,128
15,dlpfc,sham,CP2,0.5949901267133845,ok,128
15,dlpfc,sham,FC5,0.654949120301319,ok,128
15,dlpfc,sham,FC6,0.6834464712090116,ok,128
15,dlpfc,sham,CP5,0.4839576914735243,ok,128
15,dlpfc,sham,CP6,0.5896583643021196,ok,128
15,dlpfc,sham,TP9,0.8025071124428017,ok,128
15,dlpfc,sham,TP10,0.8672158565933502,ok,128
15,m1,active,Fp1,0.7696953689209673,ok,128
15,m1,active,Fp2,0.6320549838065339,ok,128
15,m1,active,F3,0.9673817006327761,ok,128
15,m1,active,F4,1.277145184802015,ok,128
15,m1,active,C3,0.5657906117531349,ok,128
15,m1,active,C4,0.8968737273252761,ok,128
15,m1,active,P3,0.7419767048843394,ok,128
15,m1,active,P4,0.538010937273375,ok,128
15,m1,active,O1,0.9591080371755958,ok,128
15,m1,active,O2,0.5006722587160491,ok,128
15,m1,active,F7,0.5331928456240453,ok,128
15,m1,active,F8,0.6954387963729971,ok,128
15,m1,active,T7,0.9722627422269253,ok,128
15,m1,active,T8,0.697233870274302,ok,128
15,m1,active,P7,0.8882845501764578,ok,128
15,m1,active,P8,0.4306999944543194,ok,128
15,m1,active,Fz,1.0090622332010195,ok,128
15,m1,active,Cz,0.8944493826424168,ok,128
15,m1,active,Pz,0.7635396871773908,ok,128
15,m1,active,Iz,0.9896741009489419,ok,128
15,m1,active,FC1,0.5784335485609683,ok,128
15,m1,active,FC2,0.8594565030316498,ok,128
15,m1,active,CP1,0.749267456645518,ok,128
15,m1,active,CP2,0.9797547572739471,ok,128
15,m1,active,FC5,0.5199846097183141,ok,128
15,m1,active,FC6,0.7421520634641395,ok,128
15,m1,active,CP5,0.7143165884527816,ok,128
15,m1,active,CP6,0.7835308292061588,ok,128
15,m1,active,TP9,0.9834287390774739,ok,128
15,m1,active,TP10,0.8648110911365592,ok,128
15,m1,sham,Fp1,0.6192878748625285,ok,128
15,m1,sham,Fp2,0.8909854719985333,ok,128
15,m1,sham,F3,0.5605069100748638,ok,128
15,m1,sham,F4,0.7532028943597643,ok,128
15,m1,sham,C3,0.771914706748414,ok,128
15,m1,sham,C4,0.8492755342003349,ok,128
15,m1,sham,P3,0.6286765310924767,ok,128
15,m1,sham,P4,0.6518381684671343,ok,128
15,m1,sham,O1,0.7027382387220413,ok,128
15,m1,sham,O2,0.6924619828570787,ok,128
15,m1,sham,F7,0.789307364489775,ok,128
15,m1,sham,F8,0.5657452376730655,ok,128
15,m1,sham,T7,0.7004609889711911,ok,128
15,m1,sham,T8,0.6305705314632865,ok,128
15,m1,sham,P7,0.6549543373207489,ok,128
15,m1,sham,P8,0.6897000188687742,ok,128
15,m1,sham,Fz,0.636686470101471,ok,128
15,m1,sham,Cz,0.5766636658538051,ok,128
15,m1,sham,Pz,0.7160238169022219,ok,128
15,m1,sham,Iz,0.5524769146389437,ok,128
15,m1,sham,FC1,0.609377987940792,ok,128
15,m1,sham,FC2,0.5939073143904029,ok,128
15,m1,sham,CP1,0.695893957144751,ok,128
15,m1,sham,CP2,0.6914146352383406,ok,128
15,m1,sham,FC5,0.5570261642443246,ok,128
15,m1,sham,FC6,0.7894228481610697,ok,128
15,m1,sham,CP5,0.6176470472795956,ok,128
15,m1,sham,CP6,0.7616840784743124,ok,128
15,m1,sham,TP9,0.5739142200136254,ok,128
15,m1,sham,TP10,0.5222646756467509,ok,128
15,ppc,active,Fp1,0.7205509185305747,ok,128
15,ppc,active,Fp2,0.762310306610455,ok,128
15,ppc,active,F3,0.6834545274715882,ok,128
15,ppc,active,F4,0.6440961488025211,ok,128
15,ppc,active,C3,0.5761443022962047,ok,128
15,ppc,active,C4,0.725407511573537,ok,128
15,ppc,active,P3,0.6017636634057489,ok,128
15,ppc,active,P4,0.6002874686841286,ok,128
15,ppc,active,O1,0.8548052265125786,ok,128
15,ppc,active,O2,0.9400601148737618,ok,128
15,ppc,active,F7,0.722854929829549,ok,128
15,ppc,active,F8,0.35889193000332414,ok,128
15,ppc,active,T7,0.5926577380614436,ok,128
15,ppc,active,T8,0.6022765657541519,ok,128
15,ppc,active,P7,0.7037071047152769,ok,128
15,ppc,active,P8,0.6210954723713565,ok,128
15,ppc,active,Fz,0.6097072905897801,ok,128
15,ppc,active,Cz,0.5366336806726785,ok,128
15,ppc,active,Pz,0.8930233441834532,ok,128
15,ppc,active,Iz,0.9691312418455238,ok,128
15,ppc,active,FC1,0.7740103063470282,ok,128
15,ppc,active,FC2,0.650040848595642,ok,128
15,ppc,active,CP1,0.5838668950341381,ok,128
15,ppc,active,CP2,0.7997192073660949,ok,128
15,ppc,active,FC5,0.7360226613806744,ok,128
15,ppc,active,FC6,0.4030587562530119,ok,128
15,ppc,active,CP5,0.48367701565098237,ok,128
15,ppc,active,CP6,0.8423637555514887,ok,128
15,ppc,active,TP9,0.6316644187974222,ok,128
15,ppc,active,TP10,0.7540729238488422,ok,128
15,ppc,sham,Fp1,0.691061084719839,ok,128
15,ppc,sham,Fp2,0.6681586713459845,ok,128
15,ppc,sham,F3,0.6278932009690389,ok,128
15,ppc,sham,F4,0.7374110800718349,ok,128
15,ppc,sham,C3,0.8168089996353254,ok,128
15,ppc,sham,C4,0.727228643061134,ok,128
15,ppc,sham,P3,0.62718973643636,ok,128
15,ppc,sham,P4,0.7774839997915161,ok,128
15,ppc,sham,O1,0.6957377231270198,ok,128
15,ppc,sham,O2,0.7422147902049341,ok,128
15,ppc,sham,F7,0.6786287295502386,ok,128
15,ppc,sham,F8,0.5868127415861669,ok,128
15,ppc,sham,T7,0.8068324774730149,ok,128
15,ppc,sham,T8,0.6970716027036288,ok,128
15,ppc,sham,P7,0.7269164271964248,ok,128
15,ppc,sham,P8,0.6534706481578352,ok,128
15,ppc,sham,Fz,0.8729127841915987,ok,128
15,ppc,sham,Cz,0.47671236551729523,ok,128
15,ppc,sham,Pz,0.8121557488795245,ok,128
15,ppc,sham,Iz,0.3624742886462506,ok,128
15,ppc,sham,FC1,0.5224336091744209,ok,128
15,ppc,sham,FC2,0.5067714036060772,ok,128
15,ppc,sham,CP1,0.7215237725148115,ok,128
15,ppc,sham,CP2,0.6282759893362807,ok,128
15,ppc,sham,FC5,0.6624060716718824,ok,128
15,ppc,sham,FC6,0.6863953772643713,ok,128
15,ppc,sham,CP5,0.48748400921878066,ok,128
15,ppc,sham,CP6,0.6918050687582213,ok,128
15,ppc,sham,TP9,0.47519551598504456,ok,128
15,ppc,sham,TP10,0.6620000993105073,ok,128
16,dlpfc,active,Fp1,0.9775765623074739,ok,128
16,dlpfc,active,Fp2,0.38825248603970297,ok,128
16,dlpfc,active,F3,0.7702368078179787,ok,128
16,dlpfc,active,F4,0.52952158690104,ok,128
16,dlpfc,active,C3,0.5445591297929965,ok,128
16,dlpfc,active,C4,0.5728492869859435,ok,128
16,dlpfc,active,P3,0.5045876331551582,ok,128
16,dlpfc,active,P4,0.8189956727971252,ok,128
16,dlpfc,active,O1,0.6581816625075001,ok,128
16,dlpfc,active,O2,1.0236793536078663,ok,128
16,dlpfc,active,F7,0.6526234432153762,ok,128
16,dlpfc,active,F8,0.593394633147182,ok,128
16,dlpfc,active,T7,0.651277405072726,ok,128
16,dlpfc,active,T8,0.6349337202663514,ok,128
16,dlpfc,active,P7,0.7116524960628271,ok,128
16,dlpfc,active,P8,1.172004504216643,ok,128
16,dlpfc,active,Fz,0.735225783567186,ok,128
16,dlpfc,active,Cz,0.7000923984947132,ok,128
16,dlpfc,active,Pz,0.6416465236904205,ok,128
16,dlpfc,active,Iz,0.9615866082049401,ok,128
16,dlpfc,active,FC1,0.6883650606715409,ok,128
16,dlpfc,active,FC2,0.5650794626940372,ok,128
16,dlpfc,active,CP1,0.6708141467015065,ok,128
16,dlpfc,active,CP2,0.5706795020751166,ok,128
16,dlpfc,active,FC5,0.6702475318440712,ok,128
16,dlpfc,active,FC6,0.5543774170667983,ok,128
16,dlpfc,active,CP5,0.4794796627772342,ok,128
16,dlpfc,active,CP6,0.790409846739642,ok,128
16,dlpfc,active,TP9,0.8516447875151383,ok,128
16,dlpfc,active,TP10,0.81070305727869,ok,128
16,dlpfc,sham,Fp1,0.8899795144336868,ok,128
16,dlpfc,sham,Fp2,0.5593429803777997,ok,128
16,dlpfc,sham,F3,0.8153832401776473,ok,128
16,dlpfc,sham,F4,0.5237760225404535,ok,128
16,dlpfc,sham,C3,0.6647456703215985,ok,128
16,dlpfc,sham,C4,0.560835845101595,ok,128
16,dlpfc,sham,P3,0.6625493463439849,ok,128
16,dlpfc,sham,P4,0.8781789985201574,ok,128
16,dlpfc,sham,O1,0.7687665311470051,ok,128
16,dlpfc,sham,O2,0.8170566907376741,ok,128
16,dlpfc,sham,F7,0.7880898038326295,ok,128
16,dlpfc,sham,F8,0.7063354973250067,ok,128
16,dlpfc,sham,T7,0.7519160899947754,ok,128
16,dlpfc,sham,T8,0.6247258024172657,ok,128
16,dlpfc,sham,P7,0.560832332797215,ok,128
16,dlpfc,sham,P8,0.7534091848172155,ok,128
16,dlpfc,sham,Fz,0.6574614366987718,ok,128
16,dlpfc,sham,Cz,0.7305190805428797,ok,128
16,dlpfc,sham,Pz,0.8045020649066,ok,128
16,dlpfc,sham,Iz,0.612317213368022,ok,128
16,dlpfc,sham,FC1,0.6637901152624448,ok,128
16,dlpfc,sham,FC2,0.5413814612970632,ok,128
16,dlpfc,sham,CP1,0.8006666284826058,ok,128
16,dlpfc,sham,CP2,0.8816468395380882,ok,128
16,dlpfc,sham,FC5,0.6321357574046653,ok,128
16,dlpfc,sham,FC6,0.6115989387591092,ok,128
16,dlpfc,sham,CP5,0.6352434993673218,ok,128
16,dlpfc,sham,CP6,0.7100558736846947,ok,128
16,dlpfc,sham,TP9,0.8046793599794086,ok,128
16,dlpfc,sham,TP10,0.5990814136657464,ok,128
16,m1,active,Fp1,0.6189673832233471,ok,128
16,m1,active,Fp2,0.615951244221632,ok,128
16,m1,active,F3,0.551860938650354,ok,128
16,m1,active,F4,0.5561743336951247,ok,128
16,m1,active,C3,0.6466015927266745,ok,128
16,m1,active,C4,0.45223966483032024,ok,128
16,m1,active,P3,0.5723659932881324,ok,128
16,m1,active,P4,0.5317336898875574,ok,128
16,m1,active,O1,0.5010758449806287,ok,128
16,m1,active,O2,0.7370521535353057,ok,128
16,m1,active,F7,0.6915869457684785,ok,128
16,m1,active,F8,0.9679924761896667,ok,128
16,m1,active,T7,1.2697958107803344,ok,128
16,m1,active,T8,0.9049483406771315,ok,128
16,m1,active,P7,0.5735449358623554,ok,128
16,m1,active,P8,0.882550434332118,ok,128
16,m1,active,Fz,0.5457334936856332,ok,128
16,m1,active,Cz,0.6797998052297234,ok,128
16,m1,active,Pz,0.6956204658061401,ok,128
16,m1,active,Iz,0.48329948245512944,ok,128
16,m1,active,FC1,0.7808185843979862,ok,128
16,m1,active,FC2,0.5961949072629955,ok,128
16,m1,active,CP1,0.7125997622800704,ok,128
16,m1,active,CP2,0.6680553651057608,ok,128
16,m1,active,FC5,0.738849552160129,ok,128
16,m1,active,FC6,0.5756727979778509,ok,128
16,m1,active,CP5,0.5309046386914994,ok,128
16,m1,active,CP6,0.5604725488363298,ok,128
16,m1,active,TP9,0.6898801462789744,ok,128
16,m1,active,TP10,0.9001318858978182,ok,128
16,m1,sham,Fp1,0.6901386967689951,ok,128
16,m1,sham,Fp2,0.6985857588460713,ok,128
16,m1,sham,F3,0.6926071494786065,ok,128
16,m1,sham,F4,0.6805389226875357,ok,128
16,m1,sham,C3,0.6831413363385377,ok,128
16,m1,sham,C4,0.6840831531209037,ok,128
16,m1,sham,P3,0.7199847708688081,ok,128
16,m1,sham,P4,0.7623277090205569,ok,128
16,m1,sham,O1,0.6495522144656334,ok,128
16,m1,sham,O2,0.5914579159301319,ok,128
16,m1,sham,F7,0.6432742383780989,ok,128
16,m1,sham,F8,0.4347793896812264,ok,128
16,m1,sham,T7,1.2051299265421718,ok,128
16,m1,sham,T8,0.6103002745131118,ok,128
16,m1,sham,P7,0.6244575516404215,ok,128
16,m1,sham,P8,0.6849960127846242,ok,128
16,m1,sham,Fz,0.6969771696959867,ok,128
16,m1,sham,Cz,1.046055366173161,ok,128
16,m1,sham,Pz,0.42562079918427476,ok,128
16,m1,sham,Iz,0.5898212685926723,ok,128
16,m1,sham,FC1,0.4929349807258017,ok,128
16,m1,sham,FC2,0.5809091410889792,ok,128
16,m1,sham,CP1,0.7331027966716213,ok,128
16,m1,sham,CP2,0.670946129643649,ok,128
16,m1,sham,FC5,0.6713249324343761,ok,128
16,m1,sham,FC6,0.7152167884983882,ok,128
16,m1,sham,CP5,0.6589867976830917,ok,128
16,m1,sham,CP6,0.7261700631598027,ok,128
16,m1,sham,TP9,0.720397034345709,ok,128
16,m1,sham,TP10,0.6568461111301768,ok,128
16,ppc,active,Fp1,0.6438324629408265,ok,128
16,ppc,active,Fp2,0.5557904137253881,ok,128
16,ppc,active,F3,0.5312408923750389,ok,128
16,ppc,active,F4,0.5311238741945529,ok,128
16,ppc,active,C3,0.9598399717739045,ok,128
16,ppc,active,C4,0.6056277238918627,ok,128
16,ppc,active,P3,1.163216621536302,ok,128
16,ppc,active,P4,1.0145277958508865,ok,128
16,ppc,active,O1,1.2549399691746728,ok,128
16,ppc,active,O2,0.734795758908754,ok,128
16,ppc,active,F7,0.5693019064607792,ok,128
16,ppc,active,F8,0.6704828304639225,ok,128
16,ppc,active,T7,0.6184572707690008,ok,128
16,ppc,active,T8,1.047475584717274,ok,128
16,ppc,active,P7,0.5870251426694368,ok,128
16,ppc,active,P8,0.7460512507334046,ok,128
16,ppc,active,Fz,0.8500627797585513,ok,128
16,ppc,active,Cz,1.0170705774214337,ok,128
16,ppc,active,Pz,0.9427489930064256,ok,128
16,ppc,active,Iz,0.7840866113746692,ok,128
16,ppc,active,FC1,0.6459700160724253,ok,128
16,ppc,active,FC2,0.6661209730030322,ok,128
16,ppc,active,CP1,0.9429760006493552,ok,128
16,ppc,active,CP2,0.7417915854247914,ok,128
16,ppc,active,FC5,0.6100346994741342,ok,128
16,ppc,active,FC6,0.8256489631087053,ok,128
16,ppc,active,CP5,0.7411702809976453,ok,128
16,ppc,active,CP6,1.3407926442744522,ok,128
16,ppc,active,TP9,0.8885336201687928,ok,128
16,ppc,active,TP10,0.6265238224082484,ok,128
16,ppc,sham,Fp1,0.5826178524686486,ok,128
16,ppc,sham,Fp2,0.5749121014021303,ok,128
16,ppc,sham,F3,0.5688501400617801,ok,128
16,ppc,sham,F4,0.5862872524560515,ok,128
16,ppc,sham,C3,0.6368564715798661,ok,128
16,ppc,sham,C4,0.5528846917004923,ok,128
16,ppc,sham,P3,0.6609975066824263,ok,128
16,ppc,sham,P4,0.6543157897272992,ok,128
16,ppc,sham,O1,0.5640559829114928,ok,128
16,ppc,sham,O2,0.4898022236541517,ok,128
16,ppc,sham,F7,0.6405887417637235,ok,128
16,ppc,sham,F8,0.6040900587205001,ok,128
16,ppc,sham,T7,0.6258645722939626,ok,128
16,ppc,sham,T8,0.6728974116808863,ok,128
16,ppc,sham,P7,0.6185906196771395,ok,128
16,ppc,sham,P8,0.5211498958709214,ok,128
16,ppc,sham,Fz,0.6517713902614737,ok,128
16,ppc,sham,Cz,0.49606174486040755,ok,128
16,ppc,sham,Pz,0.6238044319568503,ok,128
16,ppc,sham,Iz,0.609342395238043,ok,128
16,ppc,sham,FC1,0.5334442040176913,ok,128
16,ppc,sham,FC2,0.6271484858392208,ok,128
16,ppc,sham,CP1,0.6745966006753159,ok,128
16,ppc,sham,CP2,0.7156191504460457,ok,128
16,ppc,sham,FC5,0.6537562043583897,ok,128
16,ppc,sham,FC6,0.5910881390095991,ok,128
16,ppc,sham,CP5,0.6568014604420632,ok,128
16,ppc,sham,CP6,0.6206614878823588,ok,128
16,ppc,sham,TP9,0.5663239443349272,ok,128
16,ppc,sham,TP10,0.717226954915245,ok,128
17,dlpfc,active,Fp1,0.49953796054938276,ok,128
17,dlpfc,active,Fp2,0.45626835599813376,ok,128
17,dlpfc,active,F3,0.5938666201968265,ok,128
17,dlpfc,active,F4,0.5423922765446696,ok,128
17,dlpfc,active,C3,0.5872539706465614,ok,128
17,dlpfc,active,C4,0.4038112716146699,ok,128
17,dlpfc,active,P3,0.3981741560435324,ok,128
17,dlpfc,active,P4,0.4896650351366902,ok,128
17,dlpfc,active,O1,0.5759390566986409,ok,128
17,dlpfc,active,O2,0.6413610938149932,ok,128
17,dlpfc,active,F7,0.5436555185220824,ok,128
17,dlpfc,active,F8,0.4944440145579516,ok,128
17,dlpfc,active,T7,0.5490952206049894,ok,128
17,dlpfc,active,T8,0.5160815501991733,ok,128
17,dlpfc,active,P7,0.5482007521985282,ok,128
17,dlpfc,active,P8,0.5691278111192146,ok,128
17,dlpfc,active,Fz,0.30663230886319537,ok,128
17,dlpfc,active,Cz,0.45686594386871887,ok,128
17,dlpfc,active,Pz,0.45982193073719396,ok,128
17,dlpfc,active,Iz,0.42154354094597446,ok,128
17,dlpfc,active,FC1,0.7679607920821904,ok,128
17,dlpfc,active,FC2,0.5490605854327311,ok,128
17,dlpfc,active,CP1,0.5106821247319597,ok,128
17,dlpfc,active,CP2,0.40007273822593403,ok,128
17,dlpfc,active,FC5,0.5219499831279103,ok,128
17,dlpfc,active,FC6,0.5092447699535088,ok,128
17,dlpfc,active,CP5,0.5215646071150933,ok,128
17,dlpfc,active,CP6,0.3879967231461958,ok,128
17,dlpfc,active,TP9,0.5590260265298618,ok,128
17,dlpfc,active,TP10,0.8235726236516552,ok,128
17,dlpfc,sham,Fp1,0.563277959126835,ok,128
17,dlpfc,sham,Fp2,0.6222436540484345,ok,128
17,dlpfc,sham,F3,0.5966450088788959,ok,128
17,dlpfc,sham,F4,0.9760322691318025,ok,128
17,dlpfc,sham,C3,0.4676672331422703,ok,128
17,dlpfc,sham,C4,0.6751528211561673,ok,128
17,dlpfc,sham,P3,0.6953875219677632,ok,128
17,dlpfc,sham,P4,0.585369613701929,ok,128
17,dlpfc,sham,O1,0.6270450596154515,ok,128
17,dlpfc,sham,O2,0.5981825156154562,ok,128
17,dlpfc,sham,F7,0.6444974083215561,ok,128
17,dlpfc,sham,F8,0.539014902323181,ok,128
17,dlpfc,sham,T7,0.7478428617139876,ok,128
17,dlpfc,sham,T8,0.6693415117052728,ok,128
17,dlpfc,sham,P7,0.5793436321987703,ok,128
17,dlpfc,sham,P8,0.6081637253489562,ok,128
17,dlpfc,sham,Fz,0.7519116601870852,ok,128
17,dlpfc,sham,Cz,0.6242290771658963,ok,128
17,dlpfc,sham,Pz,0.727170207393917,ok,128
17,dlpfc,sham,Iz,0.6293805521558028,ok,128
17,dlpfc,sham,FC1,0.4796809065982495,ok,128
17,dlpfc,sham,FC2,0.6336463762503186,ok,128
17,dlpfc,sham,CP1,0.7059925848364058,ok,128
17,dlpfc,sham,CP2,0.6386276461485189,ok,128
17,dlpfc,sham,FC5,0.5569163041449654,ok,128
17,dlpfc,sham,FC6,0.5536036779212902,ok,128
17,dlpfc,sham,CP5,0.5529783178476299,ok,128
17,dlpfc,sham,CP6,0.5173660630460734,ok,128
17,dlpfc,sham,TP9,0.6566967887571818,ok,128
17,dlpfc,sham,TP10,0.5998614988061705,ok,128
17,m1,active,Fp1,0.6766966109181637,ok,128
17,m1,active,Fp2,0.6113302062857427,ok,128
17,m1,active,F3,0.808927823044656,ok,128
17,m1,active,F4,0.6434687915586751,ok,128
17,m1,active,C3,0.5453766123875919,ok,128
17,m1,active,C4,0.5821004008404139,ok,128
17,m1,active,P3,0.6768535923878691,ok,128
17,m1,active,P4,0.6682124611309839,ok,128
17,m1,active,O1,0.7409821075424631,ok,128
17,m1,active,O2,0.7066601586121983,ok,128
17,m1,active,F7,0.7315802585194109,ok,128
17,m1,active,F8,0.704632735157231,ok,128
17,m1,active,T7,0.7268232538317602,ok,128
17,m1,active,T8,0.7677432325373044,ok,128
17,m1,active,P7,0.6909916631540765,ok,128
17,m1,active,P8,0.6680100920045586,ok,128
17,m1,active,Fz,0.7468162469179856,ok,128
17,m1,active,Cz,0.6774014758549107,ok,128
17,m1,active,Pz,0.7314928756598927,ok,128
17,m1,active,Iz,0.7129125389469824,ok,128
17,m1,active,FC1,0.6972734027075753,ok,128
17,m1,active,FC2,0.6981629368052426,ok,128
17,m1,active,CP1,0.7378554872828551,ok,128
17,m1,active,CP2,0.76115207553977,ok,128
17,m1,active,FC5,0.6985405200373223,ok,128
17,m1,active,FC6,0.6637505297961893,ok,128
17,m1,active,CP5,0.7420552696115925,ok,128
17,m1,active,CP6,0.7573606290174433,ok,128
17,m1,active,TP9,0.6274288783194184,ok,128
17,m1,active,TP10,0.581083190924909,ok,128
17,m1,sham,Fp1,0.7210693606013618,ok,128
17,m1,sham,Fp2,0.607808636483464,ok,128
17,m1,sham,F3,0.6963568756541301,ok,128
17,m1,sham,F4,0.6059015652182942,ok,128
17,m1,sham,C3,0.5544146275995946,ok,128
17,m1,sham,C4,0.551761036459226,ok,128
17,m1,sham,P3,0.625201106409771,ok,128
17,m1,sham,P4,0.6235450807882779,ok,128
17,m1,sham,O1,0.6328698628369895,ok,128
17,m1,sham,O2,0.6069170430019494,ok,128
17,m1,sham,F7,0.5284374556669291,ok,128
17,m1,sham,F8,0.661824949983039,ok,128
17,m1,sham,T7,0.6998129674265166,ok,128
17,m1,sham,T8,0.7227893970339837,ok,128
17,m1,sham,P7,0.6032994817435607,ok,128
17,m1,sham,P8,0.6586511281427676,ok,128
17,m1,sham,Fz,0.6221796964930537,ok,128
17,m1,sham,Cz,0.599339891271448,ok,128
17,m1,sham,Pz,0.5848198990799325,ok,128
17,m1,sham,Iz,0.6591715363824616,ok,128
17,m1,sham,FC1,0.7793239062407749,ok,128
17,m1,sham,FC2,0.5664569871748681,ok,128
17,m1,sham,CP1,0.7142165777042065,ok,128
17,m1,sham,CP2,0.5354676301223851,ok,128
17,m1,sham,FC5,0.6388928360830552,ok,128
17,m1,sham,FC6,0.6176379381196939,ok,128
17,m1,sham,CP5,0.5801650522717668,ok,128
17,m1,sham,CP6,0.5605129681534807,ok,128
17,m1,sham,TP9,0.6430474585180999,ok,128
17,m1,sham,TP10,0.3814728653350318,ok,128
17,ppc,active,Fp1,0.6855703893570357,ok,128
17,ppc,active,Fp2,0.6529733301270869,ok,128
17,ppc,active,F3,0.7797603449570403,ok,128
17,ppc,active,F4,0.7298653580542998,ok,128
17,ppc,active,C3,0.613006758575885,ok,128
17,ppc,active,C4,0.7546899835599872,ok,128
17,ppc,active,P3,0.7214203012491419,ok,128
17,ppc,active,P4,0.6194003881374042,ok,128
17,ppc,active,O1,0.7196664111958438,ok,128
17,ppc,active,O2,0.7734314020398311,ok,128
17,ppc,active,F7,0.8190059650462019,ok,128
17,ppc,active,F8,0.5805820326565089,ok,128
17,ppc,active,T7,0.5769301899864664,ok,128
17,ppc,active,T8,0.5621288718636374,ok,128
17,ppc,active,P7,0.7517903288948162,ok,128
17,ppc,active,P8,0.5985043045902363,ok,128
17,ppc,active,Fz,0.6613441167990117,ok,128
17,ppc,active,Cz,0.6489713978429343,ok,128
17,ppc,active,Pz,0.6431990552795959,ok,128
17,ppc,active,Iz,0.6784741773173887,ok,128
17,ppc,active,FC1,0.5450653351920125,ok,128
17,ppc,active,FC2,0.6068849588684428,ok,128
17,ppc,active,CP1,0.7422822699143292,ok,128
17,ppc,active,CP2,0.8026880431408763,ok,128
17,ppc,active,FC5,0.6694592934373913,ok,128
17,ppc,active,FC6,0.7363908233622227,ok,128
17,ppc,active,CP5,0.8205246278079326,ok,128
17,ppc,active,CP6,0.637495621153537,ok,128
17,ppc,active,TP9,0.6900496348773763,ok,128
17,ppc,active,TP10,0.6699268936055683,ok,128
17,ppc,sham,Fp1,0.7414268211152093,ok,128
17,ppc,sham,Fp2,0.5840377891495274,ok,128
17,ppc,sham,F3,0.6247159664463618,ok,128
17,ppc,sham,F4,0.5836371591281726,ok,128
17,ppc,sham,C3,0.6813383401781522,ok,128
17,ppc,sham,C4,0.6462486785461163,ok,128
17,ppc,sham,P3,0.7174203104643253,ok,128
17,ppc,sham,P4,0.6929833837487027,ok,128
17,ppc,sham,O1,0.7317822566996,ok,128
17,ppc,sham,O2,0.4915500852478496,ok,128
17,ppc,sham,F7,0.6747404099170108,ok,128
17,ppc,sham,F8,0.8462321812931868,ok,128
17,ppc,sham,T7,0.608155748114405,ok,128
17,ppc,sham,T8,0.617612302192636,ok,128
17,ppc,sham,P7,0.5355295024089868,ok,128
17,ppc,sham,P8,0.7348798172885315,ok,128
17,ppc,sham,Fz,0.6198996991407906,ok,128
17,ppc,sham,Cz,0.6418686578699287,ok,128
17,ppc,sham,Pz,0.7037569249704595,ok,128
17,ppc,sham,Iz,0.6511268951340758,ok,128
17,ppc,sham,FC1,0.5229774845468167,ok,128
17,ppc,sham,FC2,0.593074123780295,ok,128
17,ppc,sham,CP1,0.656691578060513,ok,128
17,ppc,sham,CP2,0.7680751744530008,ok,128
17,ppc,sham,FC5,0.6291767660790494,ok,128
17,ppc,sham,FC6,0.9102830906656638,ok,128
17,ppc,sham,CP5,0.6660294000770297,ok,128
17,ppc,sham,CP6,0.6982288789910861,ok,128
17,ppc,sham,TP9,0.7672423907250422,ok,128
17,ppc,sham,TP10,0.594886251177881,ok,128
18,dlpfc,active,Fp1,0.7309119316525606,ok,128
18,dlpfc,active,Fp2,0.49333595751823067,ok,128
18,dlpfc,active,F3,0.9608726600015475,ok,128
18,dlpfc,active,F4,0.5908501083188039,ok,128
18,dlpfc,active,C3,0.5404194777989869,ok,128
18,dlpfc,active,C4,0.48309749370649063,ok,128
18,dlpfc,active,P3,0.56080137442644,ok,128
18,dlpfc,active,P4,0.7207951164176148,ok,128
18,dlpfc,active,O1,0.6204528750453624,ok,128
18,dlpfc,active,O2,0.7472507178938617,ok,128
18,dlpfc,active,F7,0.4574582783918227,ok,128
18,dlpfc,active,F8,0.8781698908129068,ok,128
18,dlpfc,active,T7,0.6876365205085289,ok,128
18,dlpfc,active,T8,0.8370298823185639,ok,128
18,dlpfc,active,P7,0.5966443249441279,ok,128
18,dlpfc,active,P8,0.7580328840585963,ok,128
18,dlpfc,active,Fz,0.3965108407394009,ok,128
18,dlpfc,active,Cz,0.41516333948102324,ok,128
18,dlpfc,active,Pz,0.5211530037267914,ok,128
18,dlpfc,active,Iz,0.5352316861422732,ok,128
18,dlpfc,active,FC1,0.5107313523970166,ok,128
18,dlpfc,active,FC2,0.4617220155023761,ok,128
18,dlpfc,active,CP1,0.4646148481755345,ok,128
18,dlpfc,active,CP2,0.47453717163273357,ok,128
18,dlpfc,active,FC5,0.40518564781028726,ok,128
18,dlpfc,active,FC6,0.46774482294372133,ok,128
18,dlpfc,active,CP5,0.4785659513159193,ok,128
18,dlpfc,active,CP6,0.4420210884597546,ok,128
18,dlpfc,active,TP9,0.3907762100544152,ok,128
18,dlpfc,active,TP10,1.0436363706226235,ok,128
18,dlpfc,sham,Fp1,0.7880558214022017,ok,128
18,dlpfc,sham,Fp2,0.7013258498706749,ok,128
18,dlpfc,sham,F3,1.0628322903723895,ok,128
18,dlpfc,sham,F4,0.7935722365967774,ok,128
18,dlpfc,sham,C3,0.5786636365513059,ok,128
18,dlpfc,sham,C4,0.8088198385716447,ok,128
18,dlpfc,sham,P3,0.6839653790401985,ok,128
18,dlpfc,sham,P4,0.6897083576392737,ok,128
18,dlpfc,sham,O1,0.6232728796633226,ok,128
18,dlpfc,sham,O2,0.7359050724073999,ok,128
18,dlpfc,sham,F7,0.6816129736858478,ok,128
18,dlpfc,sham,F8,0.6005657552610107,ok,128
18,dlpfc,sham,T7,0.7277269822662641,ok,128
18,dlpfc,sham,T8,0.7276992327923272,ok,128
18,dlpfc,sham,P7,0.7947542758323012,ok,128
18,dlpfc,sham,P8,0.7202653215314855,ok,128
18,dlpfc,sham,Fz,0.6747929791550541,ok,128
18,dlpfc,sham,Cz,0.7646797272843896,ok,128
18,dlpfc,sham,Pz,0.634421894216026,ok,128
18,dlpfc,sham,Iz,0.6918219229337017,ok,128
18,dlpfc,sham,FC1,0.6197358855608863,ok,128
18,dlpfc,sham,FC2,0.7575247958536042,ok,128
18,dlpfc,sham,CP1,0.6080757628764937,ok,128
18,dlpfc,sham,CP2,0.7663811842664398,ok,128
18,dlpfc,sham,FC5,0.6997799807645856,ok,128
18,dlpfc,sham,FC6,0.49717006297669675,ok,128
18,dlpfc,sham,CP5,0.6608452406155552,ok,128
18,dlpfc,sham,CP6,0.6913687888573692,ok,128
18,dlpfc,sham,TP9,0.7182219594452701,ok,128
18,dlpfc,sham,TP10,0.5237226253656527,ok,128
18,m1,active,Fp1,0.6924264123711095,ok,128
18,m1,active,Fp2,0.7144522241229951,ok,128
18,m1,active,F3,0.7346652113395453,ok,128
18,m1,active,F4,0.6707740801961293,ok,128
18,m1,active,C3,0.7115451217837168,ok,128
18,m1,active,C4,0.5288273492587036,ok,128
18,m1,active,P3,0.6466376710425682,ok,128
18,m1,active,P4,0.469373770493414,ok,128
18,m1,active,O1,0.6999443908639744,ok,128
18,m1,active,O2,0.7550671645807123,ok,128
18,m1,active,F7,0.3928305919057148,ok,128
18,m1,active,F8,0.49145677190588805,ok,128
18,m1,active,T7,0.49738669671728386,ok,128
18,m1,active,T8,0.5451177775170389,ok,128
18,m1,active,P7,0.7033744916679282,ok,128
18,m1,active,P8,0.6738464359523655,ok,128
18,m1,active,Fz,0.7798035368791324,ok,128
18,m1,active,Cz,0.5399442887211107,ok,128
18,m1,active,Pz,0.8766556807759236,ok,128
18,m1,active,Iz,0.7255470947893565,ok,128
18,m1,active,FC1,0.6404833035874722,ok,128
18,m1,active,FC2,0.656414905618703,ok,128
18,m1,active,CP1,0.755005959495447,ok,128
18,m1,active,CP2,0.5188911220111321,ok,128
18,m1,active,FC5,0.6161654484870872,ok,128
18,m1,active,FC6,0.620484351740527,ok,128
18,m1,active,CP5,0.5832718444125948,ok,128
18,m1,active,CP6,0.5431614787495709,ok,128
18,m1,active,TP9,0.48933174778003374,ok,128
18,m1,active,TP10,0.6372403724268538,ok,128
18,m1,sham,Fp1,0.7421869487771223,ok,128
18,m1,sham,Fp2,0.7520225938061305,ok,128
18,m1,sham,F3,0.6312861120471724,ok,128
18,m1,sham,F4,0.7660711756880682,ok,128
18,m1,sham,C3,0.7177255630188963,ok,128
18,m1,sham,C4,0.753570663845828,ok,128
18,m1,sham,P3,0.7244733336251339,ok,128
18,m1,sham,P4,0.6120555777166682,ok,128
18,m1,sham,O1,0.8251573361801707,ok,128
18,m1,sham,O2,0.7383235800589453,ok,128
18,m1,sham,F7,0.6560878987792027,ok,128
18,m1,sham,F8,0.6194064819611255,ok,128
18,m1,sham,T7,0.6871095946265882,ok,128
18,m1,sham,T8,0.7171286923202178,ok,128
18,m1,sham,P7,0.7758812299507027,ok,128
18,m1,sham,P8,1.0085797900313263,ok,128
18,m1,sham,Fz,0.7793225262220639,ok,128
18,m1,sham,Cz,0.6733792731056899,ok,128
18,m1,sham,Pz,0.5660551883616985,ok,128
18,m1,sham,Iz,0.7372331450777521,ok,128
18,m1,sham,FC1,0.562042462601636,ok,128
18,m1,sham,FC2,0.7258527850932879,ok,128
18,m1,sham,CP1,0.6791827505125088,ok,128
18,m1,sham,CP2,0.6546657042483041,ok,128
18,m1,sham,FC5,0.7094581700441651,ok,128
18,m1,sham,FC6,0.6241682320254064,ok,128
18,m1,sham,CP5,0.7102904211239283,ok,128
18,m1,sham,CP6,0.6516456168701358,ok,128
18,m1,sham,TP9,0.7310227932923792,ok,128
18,m1,sham,TP10,0.6134014833755048,ok,128
18,ppc,active,Fp1,0.8126118707856591,ok,128
18,ppc,active,Fp2,0.7308148755471189,ok,128
18,ppc,active,F3,0.7201644516409361,ok,128
18,ppc,active,F4,0.8785298189035781,ok,128
18,ppc,active,C3,0.7182098605436529,ok,128
18,ppc,active,C4,0.559400904449135,ok,128
18,ppc,active,P3,0.6667346621222672,ok,128
18,ppc,active,P4,0.8741873776617194,ok,128
18,ppc,active,O1,0.7135421192634555,ok,128
18,ppc,active,O2,0.7337425367000586,ok,128
18,ppc,active,F7,0.7687083229011091,ok,128
18,ppc,active,F8,0.8149477636236399,ok,128
18,ppc,active,T7,0.779055124397791,ok,128
18,ppc,active,T8,0.6912307843300517,ok,128
18,ppc,active,P7,0.7490035858615244,ok,128
18,ppc,active,P8,0.627336473253506,ok,128
18,ppc,active,Fz,0.7758646491968013,ok,128
18,ppc,active,Cz,0.7084596857839749,ok,128
18,ppc,active,Pz,0.8683334122835681,ok,128
18,ppc,active,Iz,0.7532916580452831,ok,128
18,ppc,active,FC1,0.6057200782877254,ok,128
18,ppc,active,FC2,0.5946922283396627,ok,128
18,ppc,active,CP1,0.5963945123833687,ok,128
18,ppc,active,CP2,0.7400306010396586,ok,128
18,ppc,active,FC5,0.660851073697666,ok,128
18,ppc,active,FC6,0.6795804471716196,ok,128
18,ppc,active,CP5,0.835148616818836,ok,128
18,ppc,active,CP6,0.7391279514836632,ok,128
18,ppc,active,TP9,0.7526574044778291,ok,128
18,ppc,active,TP10,0.7071168902446748,ok,128
18,ppc,sham,Fp1,0.8025099376497616,ok,128
18,ppc,sham,Fp2,0.7827640332897348,ok,128
18,ppc,sham,F3,0.697306149573556,ok,128
18,ppc,sham,F4,0.609575818499227,ok,128
18,ppc,sham,C3,0.595038679068248,ok,128
18,ppc,sham,C4,0.6332293376154046,ok,128
18,ppc,sham,P3,0.6480471863539347,ok,128
18,ppc,sham,P4,0.7144237970236983,ok,128
18,ppc,sham,O1,0.6378148637385037,ok,128
18,ppc,sham,O2,0.6885923797160342,ok,128
18,ppc,sham,F7,0.7289001821687694,ok,128
18,ppc,sham,F8,0.6982871602636633,ok,128
18,ppc,sham,T7,0.7914300281461398,ok,128
18,ppc,sham,T8,0.7118792674239374,ok,128
18,ppc,sham,P7,0.6460627039860382,ok,128
18,ppc,sham,P8,0.6416503909817123,ok,128
18,ppc,sham,Fz,0.632129910379421,ok,128
18,ppc,sham,Cz,0.6233087024898075,ok,128
18,ppc,sham,Pz,0.7094694258787105,ok,128
18,ppc,sham,Iz,0.768969363776111,ok,128
18,ppc,sham,FC1,0.6043123089489729,ok,128
18,ppc,sham,FC2,0.7497809205161575,ok,128
18,ppc,sham,CP1,0.764901901072139,ok,128
18,ppc,sham,CP2,0.6354420102956386,ok,128
18,ppc,sham,FC5,0.6167841477880364,ok,128
18,ppc,sham,FC6,0.6749241636879562,ok,128
18,ppc,sham,CP5,0.6506643318816642,ok,128
18,ppc,sham,CP6,0.6784164673489125,ok,128
18,ppc,sham,TP9,0.618996752897127,ok,128
18,ppc,sham,TP10,0.6988561516705473,ok,128
19,dlpfc,active,Fp1,0.6426402875398042,ok,128
19,dlpfc,active,Fp2,0.6982159594802988,ok,128
19,dlpfc,active,F3,0.9789679713063152,ok,128
19,dlpfc,active,F4,0.5174566909642597,ok,128
19,dlpfc,active,C3,0.7887860892279299,ok,128
19,dlpfc,active,C4,0.7800462423054191,ok,128
19,dlpfc,active,P3,0.4189477365306103,ok,128
19,dlpfc,active,P4,0.7473250564050186,ok,128
19,dlpfc,active,O1,0.8548784146799019,ok,128
19,dlpfc,active,O2,0.5100889068567497,ok,128
19,dlpfc,active,F7,0.8237778173884539,ok,128
19,dlpfc,active,F8,0.58817766791556,ok,128
19,dlpfc,active,T7,0.6214192643101295,ok,128
19,dlpfc,active,T8,0.7379055031607301,ok,128
19,dlpfc,active,P7,0.6738939679452463,ok,128
19,dlpfc,active,P8,0.5189068118603279,ok,128
19,dlpfc,active,Fz,0.7775799642165618,ok,128
19,dlpfc,active,Cz,0.8574932415818158,ok,128
19,dlpfc,active,Pz,0.7508045274889124,ok,128
19,dlpfc,active,Iz,0.87666661873338,ok,128
19,dlpfc,active,FC1,0.880619045053926,ok,128
19,dlpfc,active,FC2,0.8203806221945998,ok,128
19,dlpfc,active,CP1,0.7671476668504704,ok,128
19,dlpfc,active,CP2,0.8189683155532654,ok,128
19,dlpfc,active,FC5,0.7187702356917052,ok,128
19,dlpfc,active,FC6,0.7705053900722031,ok,128
19,dlpfc,active,CP5,0.7309397528286288,ok,128
19,dlpfc,active,CP6,0.6766753384518883,ok,128
19,dlpfc,active,TP9,0.9090651958557783,ok,128
19,dlpfc,active,TP10,0.7838587112834239,ok,128
19,dlpfc,sham,Fp1,0.6435641974341677,ok,128
19,dlpfc,sham,Fp2,0.7545741766144957,ok,128
19,dlpfc,sham,F3,0.7507418686594642,ok,128
19,dlpfc,sham,F4,0.5836381823519095,ok,128
19,dlpfc,sham,C3,0.5761800702581101,ok,128
19,dlpfc,sham,C4,0.7132288675812217,ok,128
19,dlpfc,sham,P3,0.6502022158129783,ok,128
19,dlpfc,sham,P4,0.5697013750497519,ok,128
19,dlpfc,sham,O1,0.7055528680269739,ok,128
19,dlpfc,sham,O2,0.5146813517765199,ok,128
19,dlpfc,sham,F7,0.6093895615075526,ok,128
19,dlpfc,sham,F8,0.6398869773226566,ok,128
19,dlpfc,sham,T7,0.5289379440538651,ok,128
19,dlpfc,sham,T8,0.5829265887505467,ok,128
19,dlpfc,sham,P7,0.7863487667960494,ok,128
19,dlpfc,sham,P8,0.6927180103811363,ok,128
19,dlpfc,sham,Fz,0.5463174856870522,ok,128
19,dlpfc,sham,Cz,0.6831973882266719,ok,128
19,dlpfc,sham,Pz,0.7356573849518308,ok,128
19,dlpfc,sham,Iz,0.5289318245790176,ok,128
19,dlpfc,sham,FC1,0.5775253173586185,ok,128
19,dlpfc,sham,FC2,0.6285555267215561,ok,128
19,dlpfc,sham,CP1,0.5711808590289952,ok,128
19,dlpfc,sham,CP2,0.7111051467005004,ok,128
19,dlpfc,sham,FC5,0.7006573547704186,ok,128
19,dlpfc,sham,FC6,0.7378758585603032,ok,128
19,dlpfc,sham,CP5,0.7624846750947495,ok,128
19,dlpfc,sham,CP6,0.9700470557125048,ok,128
19,dlpfc,sham,TP9,0.6216574844517984,ok,128
19,dlpfc,sham,TP10,0.8907875283733214,ok,128
19,m1,active,Fp1,0.6118643596620167,ok,128
19,m1,active,Fp2,0.4705415389095267,ok,128
19,m1,active,F3,0.6182171368443189,ok,128
19,m1,active,F4,0.6769072856333281,ok,128
19,m1,active,C3,0.6922209795669237,ok,128
19,m1,active,C4,0.8581540338297566,ok,128
19,m1,active,P3,0.6631156407698389,ok,128
19,m1,active,P4,0.6338202757215998,ok,128
19,m1,active,O1,0.6861026966583773,ok,128
19,m1,active,O2,0.87023062669563,ok,128
19,m1,active,F7,0.6307287785379009,ok,128
19,m1,active,F8,0.7843627513237591,ok,128
19,m1,active,T7,0.5411403914519433,ok,128
19,m1,active,T8,0.8186908420583515,ok,128
19,m1,active,P7,0.7211660734044422,ok,128
19,m1,active,P8,0.7529314791408266,ok,128
19,m1,active,Fz,0.7112252562345937,ok,128
19,m1,active,Cz,0.5655324823291782,ok,128
19,m1,active,Pz,0.6528115136401968,ok,128
19,m1,active,Iz,0.8680380436795536,ok,128
19,m1,active,FC1,0.7314052296239744,ok,128
19,m1,active,FC2,0.5680809125782323,ok,128
19,m1,active,CP1,0.7397558665296206,ok,128
19,m1,active,CP2,0.7452142644629098,ok,128
19,m1,active,FC5,0.738512141658621,ok,128
19,m1,active,FC6,0.5324411173751961,ok,128
19,m1,active,CP5,0.7160468797070711,ok,128
19,m1,active,CP6,0.6481814448093612,ok,128
19,m1,active,TP9,0.8972069280470562,ok,128
19,m1,active,TP10,1.1965008700347868,ok,128
19,m1,sham,Fp1,0.6557188606574438,ok,128
19,m1,sham,Fp2,0.7710894624287922,ok,128
19,m1,sham,F3,0.6708132197206179,ok,128
19,m1,sham,F4,0.5793168434103605,ok,128
19,m1,sham,C3,0.5898881051196943,ok,128
19,m1,sham,C4,0.7277175931514192,ok,128
19,m1,sham,P3,0.6652943721103198,ok,128
19,m1,sham,P4,0.7065920277328924,ok,128
19,m1,sham,O1,0.7358417262234441,ok,128
19,m1,sham,O2,0.5146167315029191,ok,128
19,m1,sham,F7,0.5653950532725069,ok,128
19,m1,sham,F8,0.6185654892356947,ok,128
19,m1,sham,T7,0.5760876136955412,ok,128
19,m1,sham,T8,0.7812971790200445,ok,128
19,m1,sham,P7,0.6395455505688759,ok,128
19,m1,sham,P8,0.77874745668315,ok,128
19,m1,sham,Fz,0.5414635136476732,ok,128
19,m1,sham,Cz,0.9114358755727285,ok,128
19,m1,sham,Pz,0.5318501367070981,ok,128
19,m1,sham,Iz,0.6671466275615919,ok,128
19,m1,sham,FC1,0.6129338946318825,ok,128
19,m1,sham,FC2,0.6201103585434757,ok,128
19,m1,sham,CP1,0.5691495330870087,ok,128
19,m1,sham,CP2,0.7109617272301435,ok,128
19,m1,sham,FC5,0.6747526822083796,ok,128
19,m1,sham,FC6,0.5183732031697011,ok,128
19,m1,sham,CP5,0.6318700975665582,ok,128
19,m1,sham,CP6,0.731140570941537,ok,128
19,m1,sham,TP9,0.6956498939760385,ok,128
19,m1,sham,TP10,0.5937567376323056,ok,128
19,ppc,active,Fp1,0.5734502228577701,ok,128
19,ppc,active,Fp2,0.6049709436928288,ok,128
19,ppc,active,F3,0.6705291982087044,ok,128
19,ppc,active,F4,0.6915950262698437,ok,128
19,ppc,active,C3,0.6254442546996757,ok,128
19,ppc,active,C4,0.4439107540604982,ok,128
19,ppc,active,P3,0.7102692960575601,ok,128
19,ppc,active,P4,0.7290352232514201,ok,128
19,ppc,active,O1,0.658497950580964,ok,128
19,ppc,active,O2,0.5663876869375649,ok,128
19,ppc,active,F7,0.6442711326690892,ok,128
19,ppc,active,F8,0.8612582244975088,ok,128
19,ppc,active,T7,0.6893540076317811,ok,128
19,ppc,active,T8,0.7086506171276074,ok,128
19,ppc,active,P7,0.6464860601047695,ok,128
19,ppc,active,P8,0.5112806673229221,ok,128
19,ppc,active,Fz,0.6391263508794505,ok,128
19,ppc,active,Cz,0.6346123326361304,ok,128
19,ppc,active,Pz,0.6456784676108288,ok,128
19,ppc,active,Iz,0.5847803164884847,ok,128
19,ppc,active,FC1,0.5342684114312657,ok,128
19,ppc,active,FC2,0.5468394353684289,ok,128
19,ppc,active,CP1,0.6429439925075574,ok,128
19,ppc,active,CP2,0.6068754478472916,ok,128
19,ppc,active,FC5,0.6541641088356286,ok,128
19,ppc,active,FC6,0.7564480913256857,ok,128
19,ppc,active,CP5,0.6889171296831353,ok,128
19,ppc,active,CP6,0.7888417619238983,ok,128
19,ppc,active,TP9,0.6277179580060527,ok,128
19,ppc,active,TP10,0.6457406233966309,ok,128
19,ppc,sham,Fp1,0.9343242286122766,ok,128
19,ppc,sham,Fp2,0.8008171217939727,ok,128
19,ppc,sham,F3,0.7227541691474411,ok,128
19,ppc,sham,F4,0.5507071316102933,ok,128
19,ppc,sham,C3,0.6004867618639258,ok,128
19,ppc,sham,C4,0.5792092417501057,ok,128
19,ppc,sham,P3,0.7531315785621588,ok,128
19,ppc,sham,P4,0.6513097904764898,ok,128
19,ppc,sham,O1,0.7713004055289718,ok,128
19,ppc,sham,O2,0.7177930680355592,ok,128
19,ppc,sham,F7,0.7685803448703694,ok,128
19,ppc,sham,F8,0.6578744922667962,ok,128
19,ppc,sham,T7,0.5439192548186306,ok,128
19,ppc,sham,T8,0.7103185917144696,ok,128
19,ppc,sham,P7,0.711156741350111,ok,128
19,ppc,sham,P8,0.722616414374457,ok,128
19,ppc,sham,Fz,0.7162231268209442,ok,128
19,ppc,sham,Cz,0.6754216626381687,ok,128
19,ppc,sham,Pz,0.6687868941973131,ok,128
19,ppc,sham,Iz,0.7385874985608205,ok,128
19,ppc,sham,FC1,0.7186189919363257,ok,128
19,ppc,sham,FC2,0.6673735119414679,ok,128
19,ppc,sham,CP1,0.7038590339511976,ok,128
19,ppc,sham,CP2,0.5680607825122379,ok,128
19,ppc,sham,FC5,0.8104186383851905,ok,128
19,ppc,sham,FC6,0.7469554509484968,ok,128
19,ppc,sham,CP5,0.7332327131526379,ok,128
19,ppc,sham,CP6,0.6185062060184687,ok,128
19,ppc,sham,TP9,0.7301188709030165,ok,128
19,ppc,sham,TP10,0.8105733862014359,ok,128
20,dlpfc,active,Fp1,1.285676056595629,ok,128
20,dlpfc,active,Fp2,0.40770269472268844,ok,128
20,dlpfc,active,F3,1.2276428290860624,ok,128
20,dlpfc,active,F4,0.6375468581610793,ok,128
20,dlpfc,active,C3,0.30550741848463053,ok,128
20,dlpfc,active,C4,0.5603677975112574,ok,128
20,dlpfc,active,P3,1.1100911626833407,ok,128
20,dlpfc,active,P4,0.5421698127732087,ok,128
20,dlpfc,active,O1,1.3273771103040948,ok,128
20,dlpfc,active,O2,1.5028132106665337,ok,128
20,dlpfc,active,F7,0.6043369057179182,ok,128
20,dlpfc,active,F8,0.552215582480782,ok,128
20,dlpfc,active,T7,0.4751303543676337,ok,128
20,dlpfc,active,T8,0.5498208695425484,ok,128
20,dlpfc,active,P7,1.1859398831134709,ok,128
20,dlpfc,active,P8,1.0553898120973189,ok,128
20,dlpfc,active,Fz,0.5392967550592868,ok,128
20,dlpfc,active,Cz,0.4954019647467656,ok,128
20,dlpfc,active,Pz,0.5092915806288593,ok,128
20,dlpfc,active,Iz,0.68504661341089,ok,128
20,dlpfc,active,FC1,0.35921171325836654,ok,128
20,dlpfc,active,FC2,0.5137253909850785,ok,128
20,dlpfc,active,CP1,0.5667764557268651,ok,128
20,dlpfc,active,CP2,0.44012404619927437,ok,128
20,dlpfc,active,FC5,0.38517606196641613,ok,128
20,dlpfc,active,FC6,0.48196404028984235,ok,128
20,dlpfc,active,CP5,0.8601041790345484,ok,128
20,dlpfc,active,CP6,0.5705953933073633,ok,128
20,dlpfc,active,TP9,0.6999839508731894,ok,128
20,dlpfc,active,TP10,0.7739236063938001,ok,128
20,dlpfc,sham,Fp1,0.8934001839544824,ok,128
20,dlpfc,sham,Fp2,0.6450554196097434,ok,128
20,dlpfc,sham,F3,0.6394231043457771,ok,128
20,dlpfc,sham,F4,0.8058601223311623,ok,128
20,dlpfc,sham,C3,0.6322627005000635,ok,128
20,dlpfc,sham,C4,0.6773071461363016,ok,128
20,dlpfc,sham,P3,0.5348252656904898,ok,128
20,dlpfc,sham,P4,0.7588277749176435,ok,128
20,dlpfc,sham,O1,0.9050184609254147,ok,128
20,dlpfc,sham,O2,0.6956514260717455,ok,128
20,dlpfc,sham,F7,0.6986485597664541,ok,128
20,dlpfc,sham,F8,0.5331039755223994,ok,128
20,dlpfc,sham,T7,0.8331913067496177,ok,128
20,dlpfc,sham,T8,0.7464799443172517,ok,128
20,dlpfc,sham,P7,0.4847293056312413,ok,128
20,dlpfc,sham,P8,0.6997277850341662,ok,128
20,dlpfc,sham,Fz,0.6562618410912223,ok,128
20,dlpfc,sham,Cz,0.697654416629193,ok,128
20,dlpfc,sham,Pz,0.7001965256577408,ok,128
20,dlpfc,sham,Iz,0.5580452620332149,ok,128
20,dlpfc,sham,FC1,0.6085933452397118,ok,128
20,dlpfc,sham,FC2,0.7206597402441813,ok,128
20,dlpfc,sham,CP1,0.6386004225527261,ok,128
20,dlpfc,sham,CP2,0.7682623019089396,ok,128
20,dlpfc,sham,FC5,0.6542700865524153,ok,128
20,dlpfc,sham,FC6,0.7102099080941482,ok,128
20,dlpfc,sham,CP5,0.5512195761332019,ok,128
20,dlpfc,sham,CP6,0.6765630223890309,ok,128
20,dlpfc,sham,TP9,0.660458659419982,ok,128
20,dlpfc,sham,TP10,0.6412475216556331,ok,128
20,m1,active,Fp1,0.6868676663838135,ok,128
20,m1,active,Fp2,0.7075898683081207,ok,128
20,m1,active,F3,0.7076248113537275,ok,128
20,m1,active,F4,0.6616539197496555,ok,128
20,m1,active,C3,0.6419178663460152,ok,128
20,m1,active,C4,0.5822531001447129,ok,128
20,m1,active,P3,0.6787110707750641,ok,128
20,m1,active,P4,0.8986304315548348,ok,128
20,m1,active,O1,0.5690351225730521,ok,128
20,m1,active,O2,0.5284438735421588,ok,128
20,m1,active,F7,0.6217842678033142,ok,128
20,m1,active,F8,0.7612357818126336,ok,128
20,m1,active,T7,0.5138041216105425,ok,128
20,m1,active,T8,0.8854951360978939,ok,128
20,m1,active,P7,0.6741124264172103,ok,128
20,m1,active,P8,0.5419923354137073,ok,128
20,m1,active,Fz,0.6275395542327978,ok,128
20,m1,active,Cz,0.5879577204327558,ok,128
20,m1,active,Pz,0.6746799480097255,ok,128
20,m1,active,Iz,0.5007757769904294,ok,128
20,m1,active,FC1,0.6237484028328851,ok,128
20,m1,active,FC2,0.5917641937398797,ok,128
20,m1,active,CP1,0.6889108884765907,ok,128
20,m1,active,CP2,0.6272729128711376,ok,128
20,m1,active,FC5,0.4641841177201428,ok,128
20,m1,active,FC6,0.6445895422203857,ok,128
20,m1,active,CP5,0.6674832293174501,ok,128
20,m1,active,CP6,0.8639952875022936,ok,128
20,m1,active,TP9,0.5124726834273685,ok,128
20,m1,active,TP10,0.5476507469773577,ok,128
20,m1,sham,Fp1,0.7865104890356083,ok,128
20,m1,sham,Fp2,0.7042892382767106,ok,128
20,m1,sham,F3,0.7156644674684763,ok,128
20,m1,sham,F4,0.5466448765999862,ok,128
20,m1,sham,C3,0.9039911817289896,ok,128
20,m1,sham,C4,0.6253988522474039,ok,128
20,m1,sham,P3,0.6318221313698895,ok,128
20,m1,sham,P4,0.550846867900642,ok,128
20,m1,sham,O1,0.7174143017243819,ok,128
20,m1,sham,O2,0.6437130820854491,ok,128
20,m1,sham,F7,0.717487204412183,ok,128
20,m1,sham,F8,0.5497773688640354,ok,128
20,m1,sham,T7,0.7850033449025822,ok,128
20,m1,sham,T8,0.679514998708237,ok,128
20,m1,sham,P7,0.588307557155918,ok,128
20,m1,sham,P8,0.5539908158326522,ok,128
20,m1,sham,Fz,0.6500684639831292,ok,128
20,m1,sham,Cz,0.6576457646629805,ok,128
20,m1,sham,Pz,0.49581193620931213,ok,128
20,m1,sham,Iz,0.5341626332108496,ok,128
20,m1,sham,FC1,0.5983697327234845,ok,128
20,m1,sham,FC2,0.634073131938052,ok,128
20,m1,sham,CP1,0.7482388660140376,ok,128
20,m1,sham,CP2,0.6406423889665778,ok,128
20,m1,sham,FC5,0.6354961464431186,ok,128
20,m1,sham,FC6,0.4604196453311642,ok,128
20,m1,sham,CP5,0.572954374487584,ok,128
20,m1,sham,CP6,0.7477884570632208,ok,128
20,m1,sham,TP9,0.6546318887933075,ok,128
20,m1,sham,TP10,0.6655087601210778,ok,128
20,ppc,active,Fp1,0.6989089209578881,ok,128
20,ppc,active,Fp2,0.423744253291633,ok,128
20,ppc,active,F3,0.7178628443977885,ok,128
20,ppc,active,F4,0.6414886687421535,ok,128
20,ppc,active,C3,0.6317585908749223,ok,128
20,ppc,active,C4,0.5149802583915094,ok,128
20,ppc,active,P3,0.7018080789990246,ok,128
20,ppc,active,P4,0.6711239957225125,ok,128
20,ppc,active,O1,0.6993895537966546,ok,128
20,ppc,active,O2,0.6925027689431789,ok,128
20,ppc,active,F7,0.7450784423967953,ok,128
20,ppc,active,F8,0.9766176205362989,ok,128
20,ppc,active,T7,0.750102119050111,ok,128
20,ppc,active,T8,0.7416611257403785,ok,128
20,ppc,active,P7,0.5977057878486284,ok,128
20,ppc,active,P8,0.6683085515782786,ok,128
20,ppc,active,Fz,0.6404708384437156,ok,128
20,ppc,active,Cz,0.5666069505024127,ok,128
20,ppc,active,Pz,0.6492991940590088,ok,128
20,ppc,active,Iz,0.7040297325318664,ok,128
20,ppc,active,FC1,0.6072754150523515,ok,128
20,ppc,active,FC2,0.5863994194816363,ok,128
20,ppc,active,CP1,0.6147044206931084,ok,128
20,ppc,active,CP2,0.5287547064000766,ok,128
20,ppc,active,FC5,0.6771607162320308,ok,128
20,ppc,active,FC6,0.8984116388336532,ok,128
20,ppc,active,CP5,0.6711282612117662,ok,128
20,ppc,active,CP6,0.6945937107517881,ok,128
20,ppc,active,TP9,0.5322314843056515,ok,128
20,ppc,active,TP10,0.6843269198151533,ok,128
20,ppc,sham,Fp1,1.2445909164574982,ok,128
20,ppc,sham,Fp2,1.1366531627316951,ok,128
20,ppc,sham,F3,0.8789295374527898,ok,128
20,ppc,sham,F4,0.6555986696270831,ok,128
20,ppc,sham,C3,0.7703306562015676,ok,128
20,ppc,sham,C4,0.786597338686884,ok,128
20,ppc,sham,P3,0.8278077511253352,ok,128
20,ppc,sham,P4,0.7742766759524434,ok,128
20,ppc,sham,O1,1.0399875105139025,ok,128
20,ppc,sham,O2,0.5683925741987998,ok,128
20,ppc,sham,F7,0.8388381428641127,ok,128
20,ppc,sham,F8,0.8234800556533303,ok,128
20,ppc,sham,T7,0.9751724997086382,ok,128
20,ppc,sham,T8,0.7735137298545869,ok,128
20,ppc,sham,P7,0.8783802063645684,ok,128
20,ppc,sham,P8,0.7622290059704585,ok,128
20,ppc,sham,Fz,0.9896105142426426,ok,128
20,ppc,sham,Cz,0.9075615098670973,ok,128
20,ppc,sham,Pz,0.7318826811978755,ok,128
20,ppc,sham,Iz,0.6742264653446892,ok,128
20,ppc,sham,FC1,0.8601319201467162,ok,128
20,ppc,sham,FC2,0.7489995949746768,ok,128
20,ppc,sham,CP1,0.7541559652234889,ok,128
20,ppc,sham,CP2,0.7821891654398908,ok,128
20,ppc,sham,FC5,0.6502995246588344,ok,128
20,ppc,sham,FC6,0.6469483687845294,ok,128
20,ppc,sham,CP5,0.9266134155315942,ok,128
20,ppc,sham,CP6,1.0636450871742078,ok,128
20,ppc,sham,TP9,0.6014339410119481,ok,128
20,ppc,sham,TP10,0.729579037542947,ok,128
